Name,SKU,Stock,Retail Price,Discounted Price,image_url,Website Link,image_id,image_filename,image_exists
Pashmina - Banarasi Saree - Pink Colour QS204820,QS204820,1,6000,3150,https://byrappasilk.in/storage/uploads/bsrKlEUvx7qmaeA5iC1nEQymK9K4CcA3u9t6LC7G.webp,https://byrappasilks.in/shop/pashmina_banarasi_saree_pink_colour_qs204820_1747470887,1,000001.webp,True
Organza Tissue Sarees - White & Gold Colour QA255622,QA255622,0,5495,5020,https://byrappasilk.in/storage/uploads/1cssgxdhsRwGnhP955n8kvXnhiWPEyThh9sbIaAI.webp,https://byrappasilks.in/shop/organza_tissue_sarees_white_gold_colour_qa255622_1746263310,2,000002.webp,True
Floral Organza Saree - Red Colour QA254685,QA254685,0,10995,10045,https://byrappasilk.in/storage/uploads/qg47mgXZJa6Hkt1a0Aglo3GRHjpGUffdBTyBpORV.webp,https://byrappasilks.in/shop/floral_organza_saree_red_colour_qa254685,3,000003.webp,True
Munga Crape Sarees - Blue Colour AA313403,AA313403,0,6000,3150,https://byrappasilk.in/storage/uploads/DOh6Yh13wqTpvxICi9rpCGyRG72bAtKTM2bhkxMi.webp,https://byrappasilks.in/shop/munga_crape_sarees_blue_colour_aa313403,4,000004.webp,True
Munga Crap saree With Black Colour AA313402,AA313402,3,6000,3150,https://byrappasilk.in/storage/uploads/4JLJoaYdcEToSWgnyn2wS7O6GvTMDBiuYH2Jy3yg.webp,https://byrappasilks.in/shop/munga_crap_saree_with_black_colour_aa313402,5,000005.webp,True
Munga Crape Sarees - Mustard Colour AA313400,AA313400,1,6000,3150,https://byrappasilk.in/storage/uploads/pbEkYpY8lwmr5e89LMIiVRcnmIlOrQdQnQ7ndwzq.webp,https://byrappasilks.in/shop/munga_crape_sarees_mustard_colour_aa313400,6,000006.webp,True
Organza Tissuse Saree With Aplic Work - Blue colour QA255132,QA255132,0,4295,3925,https://byrappasilk.in/storage/uploads/8g77UyeDma813l5kmIP1cfkar58Awv2pxvTSP4a4.webp,https://byrappasilks.in/shop/organza_tissuse_saree_with_aplic_work_blue_colour_qa255132_1746260838,7,000007.webp,True
Munga Crape saree With Rani Pink Colour AA313404,AA313404,1,6000,3150,https://byrappasilk.in/storage/uploads/PjQa9zkLlxKBrWv3fNRstu8b1lclOgCDtPZ3ar0U.webp,https://byrappasilks.in/shop/munga_crape_saree_with_rani_pink_colour_aa313404,8,000008.webp,True
Munga Crape Saree With Cream Colour AA313401,AA313401,1,6000,3150,https://byrappasilk.in/storage/uploads/jNXzadcZVV3PBCmWm3N7RqTOAeqV5oXG6uWS4RRn.webp,https://byrappasilks.in/shop/munga_crape_saree_with_cream_colour_aa313401,9,000009.webp,True
Pashmina - Banarasi Saree -Cream Colour QA255621,QA255621,1,6000,3150,https://byrappasilk.in/storage/uploads/XiFix3BQoTCxi474K6BxmFVJUSQgNFYV5Z0g4Sto.webp,https://byrappasilks.in/shop/pashmina_banarasi_saree_cream_colour_qa255621_1750686637,10,000010.webp,True
Pashmina - Banarasi Saree -Navy Blue Colour QA255417,QA255417,1,5995,5480,https://byrappasilk.in/storage/uploads/U1U3eq2Sk1UZRHZFSF9nFTqu7M0uk5mmUsU6szT1.webp,https://byrappasilks.in/shop/pashmina_banarasi_saree_navy_blue_colour_qa255417_1747470807,11,000011.webp,True
Satin Printed  Saree - Dark yellow Colour QA255418,QA255418,0,3395,3100,https://byrappasilk.in/storage/uploads/5pHOYB1oe0CQOESBuBnYNeDFc6rKUBADvBmOC2Qd.webp,https://byrappasilks.in/shop/satin_printed_saree_dark_yellow_colour_qa255418_1746259031,12,000012.webp,True
Satin Printed Sarees - Blue Colour QA255500,QA255500,0,3995,3650,https://byrappasilk.in/storage/uploads/TMbnGQwrgGA9FNxW5iPgTW2LgO9fpU62r5a3YuKS.webp,https://byrappasilks.in/shop/satin_printed_sarees_blue_colour_qa255500_1745654599,13,000013.webp,True
Satin Printed  Saree - Green & yellow Colour  QA255507,QA255507,0,3995,3650,https://byrappasilk.in/storage/uploads/fR9X224nnHKSXOSFyKtWioHXG5V7fVZNshH3zq1Z.webp,https://byrappasilks.in/shop/satin_printed_saree_green_yellow_colour_qa255507_1746258838,14,000014.webp,True
Satin Printed  Saree - Black Colour QA255531,QA255531,0,3995,3650,https://byrappasilk.in/storage/uploads/nT7SQ7WtIUBwVLgDKJ424YrzjiHHIy8USGliqgZd.webp,https://byrappasilks.in/shop/satin_printed_saree_black_colour_qa255531_1745654463,15,000015.webp,True
kadiyal Semi Silk Saree - Red Colour -QA254551,QA254551,0,2865,2620,https://byrappasilk.in/storage/uploads/8LzXLNWswm46FLe08Efii9dN3WqrUedryav55WiD.webp,https://byrappasilks.in/shop/kadiyal_semi_silk_saree_red_colour_qa254551_1746265738,16,000016.webp,True
Pashmina Jaal Saree -Black colour QS208405,QS208405,0,5995,5480,https://byrappasilk.in/storage/uploads/zyqdXTETYVYkucQa3UJZu6CS49lpT7aZZW8wNYVG.webp,https://byrappasilks.in/shop/pashmina_jaal_saree_black_colour_qs208405_1766467594,17,000017.webp,True
Pashmina - Banarasi Saree - Half white Colour QS209227,QS209227,0,6000,3150,https://byrappasilk.in/storage/uploads/cehpGJn7wuQJb13uEkicbLK1CvK0jAzMMTqAZZsk.webp,https://byrappasilks.in/shop/pashmina_banarasi_saree_half_white_colour_qs209227_1747470575,18,000018.webp,True
Pasmina Banarasi  Sarees - Black Colour QS208576,QS208576,0,5995,5480,https://byrappasilk.in/storage/uploads/RQ7DeckMj0qO1qNkncyJsTZNvmLhamObkDaaY4xE.webp,https://byrappasilks.in/shop/pasmina_banarasi_sarees_black_colour_qs208576_1747389385,19,000019.webp,True
Pashmina Sarees - Cream Colour QS211656,QS211656,0,5995,5480,https://byrappasilk.in/storage/uploads/e3fLio4jIGr5ccGMyp8scsbxxtptlLdLgXxswqoG.webp,https://byrappasilks.in/shop/pashmina_sarees_cream_colour_qs211656_1747066564,20,000020.webp,True
Pashmina - Banarasi Saree - Yellow Colour QS208599,QS208599,0,6000,3150,https://byrappasilk.in/storage/uploads/sw3sMOtV227PPYmpWHx3m8ZOxU46Ql9g1ZxCQrBh.webp,https://byrappasilks.in/shop/pashmina_banarasi_saree_yellow_colour_qs208599,21,000021.webp,True
Banarasi Saree -Dark pink Colour With Pink Border - QS212518,QS212518,0,5995,5480,https://byrappasilk.in/storage/uploads/kD7WiuXfwJDLsBEUcHcnwtj8FR3qM7vPseZ4tqMb.webp,https://byrappasilks.in/shop/banarasi_saree_dark_pink_colour_with_pink_border_qs212518_1747908347,22,000022.webp,True
Banarasi Saree -Green Colour - QS212520,QS212520,0,5995,5480,https://byrappasilk.in/storage/uploads/nvn3HRaOQ62TnBJZbhitrVKd6W0Bs9Dg2juCVJn8.webp,https://byrappasilks.in/shop/banarasi_saree_green_colour_qs212520_1747908892,23,000023.webp,True
Floral Organza Saree With Aplic Work - White Colour - QS212142,QS212142,1,5995,5480,https://byrappasilk.in/storage/uploads/i4ZBT5jBoxnJ6Dr0rp7MEeu9gAOhPDIwzDd0Pbly.webp,https://byrappasilks.in/shop/floral_organza_saree_with_aplic_work_white_colour_qs212142,24,000024.webp,True
Pure Mysore Silk Saree - Black Colour - QS212816,QS212816,0,13995,12785,https://byrappasilk.in/storage/uploads/WxgORwvpJQmvc4CADC73YDh6khXWxY0BebJBPNHM.webp,https://byrappasilks.in/shop/pure_mysore_silk_saree_black_colour_qs212816_1749113695,25,000025.webp,True
Pure Organza Sarees - White With Red Work - QS214147,QS214147,0,14665,13400,https://byrappasilk.in/storage/uploads/lmAesfuJgotFJb9pRyl3tAO6JZhnotjArSwBNazY.webp,https://byrappasilks.in/shop/pure_organza_sarees_white_with_red_work_qs214147_1748528254,26,000026.webp,True
Kalamkari With Kanchi Border Sarees  - QS213046,QS213046,0,3995,3650,https://byrappasilk.in/storage/uploads/xYgK3ALyGn8IvQCWbgg6lzAuSPoI4RoW5GYQUifS.webp,https://byrappasilks.in/shop/kalamkari_with_kanchi_border_sarees_qs213046_1748694002,27,000027.webp,True
Kalamkari With Kanchi Border Sarees - QS213014,QS213014,0,3995,3650,https://byrappasilk.in/storage/uploads/PNzWtz5Mrw8ZnxN9wr173x0quvRfEayxXNBNI00W.webp,https://byrappasilks.in/shop/kalamkari_with_kanchi_border_sarees_qs213014_1748694300,28,000028.webp,True
Organza Saree With Aplic Work - Black Colour - QS213061,QS213061,0,5995,5480,https://byrappasilk.in/storage/uploads/2t7iTUE8Eel0mT8aXxkqoZ4VX8Ac6jdjxKuPw2Ci.webp,https://byrappasilks.in/shop/organza_saree_with_aplic_work_black_colour_qs213061_1766046416,29,000029.webp,True
Banarasi Saree - Cream Colour - QS207032,QS207032,0,5695,5200,https://byrappasilk.in/storage/uploads/8J43KQoStEvfoKihpEFODXw1aNuXs7Vjh9eDBFqq.webp,https://byrappasilks.in/shop/banarasi_saree_cream_colour_qs207032_1749038650,30,000030.webp,True
Fancy Work Saree - QS214036,QS214036,0,9665,8830,https://byrappasilk.in/storage/uploads/OQtMMmRPPku7zbMNgdAygpH7sEcPtf0uTxFl7JvV.webp,https://byrappasilks.in/shop/fancy_work_saree_qs214036_1749102458,31,000031.webp,True
Fancy Work Saree - QS214034,QS214034,0,10995,10045,https://byrappasilk.in/storage/uploads/mI2WguinXBBCzp9xYnY4kP1lRb1yD0tFkku0nzLc.webp,https://byrappasilks.in/shop/fancy_work_saree_qs214034_1749102444,32,000032.webp,True
Fancy Work Saree - QS214033,QS214033,0,8695,7940,https://byrappasilk.in/storage/uploads/nmesha9Ryn8rbHOMSAlu2trmUwaLlkwXoeVveVsS.webp,https://byrappasilks.in/shop/fancy_work_saree_qs214033_1749102235,33,000033.webp,True
Satin Printed Aditya Birla Fabric - White & Black Colour - QS213523,QS213523,0,4900,2573,https://byrappasilk.in/storage/uploads/0QL4gpjy33U3uH24jdVsDw7UzudabXNAFIVNKYAO.webp,https://byrappasilks.in/shop/satin_printed_aditya_birla_fabric_white_black_colour_qs213523_1764335197,34,000034.webp,True
Satin Printed Aditya Birla Fabric  - White & Black Colour - QS213579,QS213579,2,4900,2573,https://byrappasilk.in/storage/uploads/sfg0tNLNPzgXVAtt7bzbgWv0wYp7tmJeAwtaF2Xa.webp,https://byrappasilks.in/shop/satin_printed_aditya_birla_fabric_white_black_colour_qs213579_1764335035,35,000035.webp,True
Satin Printed Aditya Birla Fabric  - White & Black Colour - QS213587,QS213587,1,4900,2573,https://byrappasilk.in/storage/uploads/DCuwM6jF2XZCAZfxEJogCMBdzYRa1eOXKJ7dDIAm.webp,https://byrappasilks.in/shop/satin_printed_aditya_birla_fabric_white_black_colour_qs213587_1764335077,36,000036.webp,True
Satin Printed (Aditya Birla Fabric) - White & Black Colour - QS213527,QS213527,2,4900,2573,https://byrappasilk.in/storage/uploads/IxQilcX5rH4BraSGWNCJNSX83IhRSwResXEW0JdY.webp,https://byrappasilks.in/shop/satin_printed_aditya_birla_fabric_white_black_colour_qs213527_1749390935,37,000037.webp,True
Satin Printed Aditya Birla Fabric  - White & Black Colour - QS213580,QS213580,1,3995,3650,https://byrappasilk.in/storage/uploads/Zx1UD5BooqUNgx6d8nihQzt7t1rxIalFKbozBfcB.webp,https://byrappasilks.in/shop/satin_printed_aditya_birla_fabric_white_black_colour_qs213580_1764335060,38,000038.webp,True
Satin Printed Aditya Birla Fabric - White & Black Colour - QS213525,QS213525,0,4900,2573,https://byrappasilk.in/storage/uploads/IoFOWGGSbxl7BkITtqGYGCpr5zXKJUC0HgIu8LDG.webp,https://byrappasilks.in/shop/satin_printed_aditya_birla_fabric_white_black_colour_qs213525_1764335220,39,000039.webp,True
Satin Printed (Aditya Birla Fabric) - White & Black Colour - QS213529,QS213529,0,4900,2573,https://byrappasilk.in/storage/uploads/nvIXxpWcGCjHgfNm5egKFF5hHN9QB4jaQuMJOavo.webp,https://byrappasilks.in/shop/satin_printed_aditya_birla_fabric_white_black_colour_qs213529_1749390729,40,000040.webp,True
Ajrakh Printed Sarees -Black Colour - QS215164,QS215164,0,1395,995,https://byrappasilk.in/storage/uploads/Bf0p9ygZ7DWkMhT7wMfTFzW0Jo0TczDu22DI6CPl.webp,https://byrappasilks.in/shop/ajrakh_printed_sarees_black_colour_qs215164_1767694131,41,000041.webp,True
Ajrakh Printed Sarees - Maroon Colour - QS215442,QS215442,0,1395,995,https://byrappasilk.in/storage/uploads/V8gXeBsiZPqnunFXi1E8zY41q0DW9XJx9aj0PscX.webp,https://byrappasilks.in/shop/ajrakh_printed_sarees_maroon_colour_qs215442_1767692820,42,000042.webp,True
Handloom Pure Silk Sarees - QS216160,QS216160,0,9995,9130,https://byrappasilk.in/storage/uploads/rvqUg5eeUDdNwCadDHEk6HueIClqSw9xPPcLBNe7.webp,https://byrappasilks.in/shop/handloom_pure_silk_sarees_qs216160_1749623421,43,000043.webp,True
Organza Saree Yellow Colour - QS216263,QS216263,0,10995,10045,https://byrappasilk.in/storage/uploads/5xAZJR0hOD64wwXfbMxwneZSKlRl9ea3nlzDD2dS.webp,https://byrappasilks.in/shop/organza_saree_yellow_colour_qs216263_1766401127,44,000044.webp,True
Organza Saree Wine Colour - QS216261,QS216261,0,10995,10045,https://byrappasilk.in/storage/uploads/vypuwKsFjMxO0n6k26lWS0s4Rr3dhYNxuxEwoDo4.webp,https://byrappasilks.in/shop/organza_saree_wine_colour_qs216261_1766400540,45,000045.webp,True
Organza Saree - Blue Colour - QS216260,QS216260,0,10995,10045,https://byrappasilk.in/storage/uploads/TjS4TZONDrei7qFe2eXLYVjHiPS6XGtDXcGg5i5P.webp,https://byrappasilks.in/shop/organza_saree_blue_colour_qs216260_1766400384,46,000046.webp,True
Organza Saree - Black Colour - QS216262,QS216262,0,10995,10045,https://byrappasilk.in/storage/uploads/cEceux4XcMh1iU8SKV5GKpIhmbQZbnR9Gh8743aw.webp,https://byrappasilks.in/shop/organza_saree_black_colour_qs216262_1766399713,47,000047.webp,True
Aplic Work Sarees - QS216113,QS216113,0,15995,14610,https://byrappasilk.in/storage/uploads/6712WTJlubc92zvHsPT8a8cpkKqlQ8ZJoxp2wn1V.webp,https://byrappasilks.in/shop/aplic_work_sarees_qs216113_1749724108,48,000048.webp,True
Aplic Work Sarees - QS216114,QS216114,0,15995,14610,https://byrappasilk.in/storage/uploads/6W2kp9SWgUHhFU7fFhxaEZVmIn02Mv2oPJCARkkE.webp,https://byrappasilks.in/shop/aplic_work_sarees_qs216114_1749724202,49,000049.webp,True
Aplic Work Sarees - QS214968,QS214968,0,15995,14610,https://byrappasilk.in/storage/uploads/hxG2pkQJJFR3X1m0VYJT56skBF6WXjbzs8v0LVLI.webp,https://byrappasilks.in/shop/aplic_work_sarees_qs214968_1749908217,50,000050.webp,True
Satin Printed (Aditya Birla Fabric) - White Colour - QS213561,QS213561,0,1295,1180,https://byrappasilk.in/storage/uploads/x512tw18NLdI97EznXdx1EOimuTVVFPlEDkcXETU.webp,https://byrappasilks.in/shop/satin_printed_aditya_birla_fabric_white_colour_qs213561_1749813980,51,000051.webp,True
Semi-Crape Printed Saree -Blue Colour - QS214419,QS214419,0,4900,2570,https://byrappasilk.in/storage/uploads/tvTtjTm5KPLTyD0LLr5Ml7AZonFn4vBcl2ZfEuOn.webp,https://byrappasilks.in/shop/semi_crape_printed_saree_blue_colour_qs214419_1754807743,52,000052.webp,True
Semi-Crape Printed Saree - Black & Yellow Colour - QW201127,QW201127,0,1895,1730,https://byrappasilk.in/storage/uploads/2QDf4J8KjUIfb6euZZEZBIDTdyjJlm9rjQRSdCM7.webp,https://byrappasilks.in/shop/semi_crape_printed_saree_black_yellow_colour_qw201127_1750073692,53,000053.webp,True
Ajrakh Printed Sarees - Red Colour - QS215526,QS215526,3,1395,995,https://byrappasilk.in/storage/uploads/lpiFPx73XqglBoJpsfBRy4dUprd3SOEkNWW5YEKu.webp,https://byrappasilks.in/shop/ajrakh_printed_sarees_red_colour_qs215526_1767693997,54,000054.webp,True
Designer Fancy Saree with Blouse - QS217208,QS217208,0,7800,4095,https://byrappasilk.in/storage/uploads/9g2dABuxruUaoZICZQvSVGvAUY4fQ60pcSGZJxI2.webp,https://byrappasilks.in/shop/designer_fancy_saree_with_blouse_qs217208_1750318230,55,000055.webp,True
Designer Fancy Saree with Blouse - QS217214,QS217214,0,11800,6195,https://byrappasilk.in/storage/uploads/DyOIDhn7myeu1eZz9HxoM1a078KuFLPgFDwsIRNa.webp,https://byrappasilks.in/shop/designer_fancy_saree_with_blouse_qs217214_1750322434,56,000056.webp,True
Designer Fancy Saree with Blouse - QS217213,QS217213,0,8600,4515,https://byrappasilk.in/storage/uploads/4IzZXdyZQApV0Ch1CFEczfEfDa8HnqrWp4FyXwht.webp,https://byrappasilks.in/shop/designer_fancy_saree_with_blouse_qs217213_1750322533,57,000057.webp,True
Designer Fancy Saree with Blouse - QS217215,QS217215,-1,7300,3830,https://byrappasilk.in/storage/uploads/57n4ZWfhdes9k9p1GZCLDkSRazJRAp2wTfgqEFRT.webp,https://byrappasilks.in/shop/designer_fancy_saree_with_blouse_qs217215_1750323263,58,000058.webp,True
Designer Fancy Saree with Blouse - QS217209,QS217209,0,7800,4095,https://byrappasilk.in/storage/uploads/EFM8MnzYj7YNn1DsXrtEFJ8FE38AmOZZytFIG3Ft.webp,https://byrappasilks.in/shop/designer_fancy_saree_with_blouse_qs217209_1750325275,59,000059.webp,True
Designer Fancy Saree with Blouse - QS217211,QS217211,0,7300,3830,https://byrappasilk.in/storage/uploads/ISEdnDJbO4KaK4c0FwI1YYRWBOzoFBVhXAGyjiG8.webp,https://byrappasilks.in/shop/designer_fancy_saree_with_blouse_qs217211_1750336368,60,000060.webp,True
Designer Fancy Saree with Blouse - QS217206,QS217206,0,7800,4065,https://byrappasilk.in/storage/uploads/8abvg1jy0PtHr57SbqCE8kLFs49p1TxQeJ3WwJEb.webp,https://byrappasilks.in/shop/designer_fancy_saree_with_blouse_qs217206_1750340144,61,000061.webp,True
Designer Fancy Saree with Blouse - QS217205,QS217205,0,7300,3830,https://byrappasilk.in/storage/uploads/uH1RguI2QyHYDPsFnosnHnbLN8GrXM5VNqVfG8I9.webp,https://byrappasilks.in/shop/designer_fancy_saree_with_blouse_qs217205_1750340307,62,000062.webp,True
Fancy Saree (Aditya Birla Fabric) - White & Black Colour - QS217878,QS217878,-3,1465,1340,https://byrappasilk.in/storage/uploads/yx7ceI9prSCP1boW7sdn1ef6KjlzKRKDDUjhRur1.webp,https://byrappasilks.in/shop/fancy_saree_aditya_birla_fabric_white_black_colour_qs217878_1750487955,63,000063.webp,True
Pashmina Printed Saree - Banarasi Crape - QS218569,QS218569,0,5995,5480,https://byrappasilk.in/storage/uploads/EqhoM3xRaYe8TFRWgKXZQa85KlKzR03mDJM2oHeu.webp,https://byrappasilks.in/shop/pashmina_printed_saree_banarasi_crape_qs218569_1750686881,64,000064.webp,True
Pashmina Printed Saree - Banarasi Crape - QS218564,QS218564,0,5995,5480,https://byrappasilk.in/storage/uploads/CC73ScEPwfhfcTA2z72gls37yQCD27xtjGlfJ0Au.webp,https://byrappasilks.in/shop/pashmina_printed_saree_banarasi_crape_qs218564_1750686971,65,000065.webp,True
Pashmina Printed Saree - Banarasi Crape - QS218562,QS218562,0,5995,5480,https://byrappasilk.in/storage/uploads/LHFF3H4axVW8GT48aY7o6hBeuRdxaYBUSJmUSmn0.webp,https://byrappasilks.in/shop/pashmina_printed_saree_banarasi_crape_qs218562_1750687389,66,000066.webp,True
Fancy Saree With Work - Wine Colour - QS214151,QS214151,0,7495,6845,https://byrappasilk.in/storage/uploads/PzYMaVmh4rdjXRqAdvO29SFfeE6MpMRluWmuQGQh.webp,https://byrappasilks.in/shop/fancy_saree_with_work_wine_colour_qs214151_1750753590,67,000067.webp,True
Fancy Saree With Work - Maroon Colour - QS214150,QS214150,0,7495,6845,https://byrappasilk.in/storage/uploads/4X5dWEdNaNkWThnAPK6ZIbmIaXfSvwdsVbn5I5a7.webp,https://byrappasilks.in/shop/fancy_saree_with_work_maroon_colour_qs214150_1750753556,68,000068.webp,True
Fancy Saree With Work - Black Colour - QS214152,QS214152,0,7495,6845,https://byrappasilk.in/storage/uploads/jhOfZCFrLWslK47q37XnCqTlS2Sj6qOC5amLzsT5.webp,https://byrappasilks.in/shop/fancy_saree_with_work_black_colour_qs214152_1750753813,69,000069.webp,True
Kalamkari With Kanchi Border Saree - White With Red Border -QS217133,QS217133,0,3995,3650,https://byrappasilk.in/storage/uploads/sRBCS9lAIepqfaaIHvQLct2yUM8wiA6gDXzyic07.webp,https://byrappasilks.in/shop/kalamkari_with_kanchi_border_saree_white_with_red_border_qs217133_1750757891,70,000070.webp,True
Fancy Printed Saree - Green With Dark Pink Colour - QS213638,QS213638,0,3895,3560,https://byrappasilk.in/storage/uploads/VrAu87spHy85sLEpX4jnZ5FH0kzWhqAbCSJmAZBK.webp,https://byrappasilks.in/shop/fancy_printed_saree_green_with_dark_pink_colour_qs213638_1750763869,71,000071.webp,True
Fancy Saree (Aditya Birla Fabric) - White & Black Colour - QS217074,QS217074,0,1465,1340,https://byrappasilk.in/storage/uploads/HCU9yVRED55pLylh6OAALdEWFwsStvV9icyZWnMF.webp,https://byrappasilks.in/shop/fancy_saree_aditya_birla_fabric_white_black_colour_qs217074_1750764399,72,000072.webp,True
Pure Organza Saree - Black Colour - QS217921,QS217921,0,10995,10045,https://byrappasilk.in/storage/uploads/aK9VjPCmk5nZKRNbaUqYkPhxHxPIqMPmxkYNyGkJ.webp,https://byrappasilks.in/shop/pure_organza_saree_black_colour_qs217921_1750936339,73,000073.webp,True
Banaras Fancy Saree - Cream Colour - QS216689,QS216689,0,5995,5475,https://byrappasilk.in/storage/uploads/hASdNpPI37P8ttre3lzHjN2uCdSkxJGqRXdJOS4g.webp,https://byrappasilks.in/shop/banaras_fancy_saree_cream_colour_qs216689_1751019937,74,000074.webp,True
Ajrakh Printed Sarees - Dark Blue Colour - QS215527,QS215527,0,1395,995,https://byrappasilk.in/storage/uploads/slflchG8wCRxmUBXbcukhz8r99YvU5oGIEkuOxHs.webp,https://byrappasilks.in/shop/ajrakh_printed_sarees_dark_blue_colour_qs215527_1767693913,75,000075.webp,True
Organza Fancy Saree - Peach Colour - QS202049,QS202049,0,5900,3100,https://byrappasilk.in/storage/uploads/YrbEFJLYSVS5svQFPIXN4FqKR5tjW4Y1hpGoiAve.webp,https://byrappasilks.in/shop/organza_fancy_saree_peach_colour_qs202049_1751023670,76,000076.webp,True
Organza Fancy Saree - Sky Blue Colour - QS202064,QS202064,0,5900,3100,https://byrappasilk.in/storage/uploads/Id90MyzzQIS8Dwae05ba5Fd6YHKMtgvRGm4Iv0iz.webp,https://byrappasilks.in/shop/organza_fancy_saree_sky_blue_colour_qs202064_1751023898,77,000077.webp,True
Organza Fancy Saree - Purple Colour - QS202070,QS202070,0,5900,3100,https://byrappasilk.in/storage/uploads/itADTy8eZV1haICBEzF85stU03N4sel0NCTzU2Kq.webp,https://byrappasilks.in/shop/organza_fancy_saree_purple_colour_qs202070_1751024023,78,000078.webp,True
Organza Fancy Saree - Pink Colour - QS202065,QS202065,0,5900,3100,https://byrappasilk.in/storage/uploads/Zaa5nP1FeR8uGePUVShZmjStis2HJtZV94ERjrz7.webp,https://byrappasilks.in/shop/organza_fancy_saree_pink_colour_qs202065_1751024217,79,000079.webp,True
Crape Saree - Pink With Dark Pink Colour - QS218349,QS218349,0,3695,3375,https://byrappasilk.in/storage/uploads/rq56P93RNnzjaJzCqyZDP7p0FKdrthWccL93azo5.webp,https://byrappasilks.in/shop/crape_saree_pink_with_dark_pink_colour_qs218349_1751103790,80,000080.webp,True
Crape Saree - Blue with Dark Blue Colour - QS218347,QS218347,0,3695,3375,https://byrappasilk.in/storage/uploads/RgXN2NtUV4MXmKg0UqL1b30NRPY5JnuaOfuLUiLw.webp,https://byrappasilks.in/shop/crape_saree_blue_with_dark_blue_colour_qs218347_1751104583,81,000081.webp,True
Crape Saree - Royal Blue Colour - QS217860,QS217860,0,3495,3190,https://byrappasilk.in/storage/uploads/qFo7gBwvaDArnQ3iqAsQkwB8jElLR7SiF5MUpZkH.webp,https://byrappasilks.in/shop/crape_saree_royal_blue_colour_qs217860_1751105819,82,000082.webp,True
Crape Saree - Black Colour - QS217862,QS217862,0,3495,3190,https://byrappasilk.in/storage/uploads/uX3tT1VC0MQhYbyLbAeXKRo6QnQdW97i4su9Nu5o.webp,https://byrappasilks.in/shop/crape_saree_black_colour_qs217862_1751106010,83,000083.webp,True
Tussar Aplic Printed Sare - Red Colour - QS242940,QS218680,0,3900,2048,https://byrappasilk.in/storage/uploads/LjS38QVCkNPyg7aGvmUGwjSQWmMBz7dGtvnbOafq.webp,https://byrappasilks.in/shop/tussar_aplic_printed_sare_red_colour_qs242940_1757259394,84,000084.webp,True
Tussar Aplic Printed Saree - Wine Colour - QS242941,QS218681,0,3900,2048,https://byrappasilk.in/storage/uploads/3fiskIVCV5PStGbtBh5wxzxqGDuAgRdvPIS2qJI2.webp,https://byrappasilks.in/shop/tussar_aplic_printed_saree_wine_colour_qs242941_1757259430,85,000085.webp,True
Tussar Aplic Printed Sare - Green Colour - QS242942,QS218682,0,3900,2048,https://byrappasilk.in/storage/uploads/kFOaZB91RqLU6d0zTBEnseoXBfNG4Xx8nTBglDUq.webp,https://byrappasilks.in/shop/tussar_aplic_printed_sare_green_colour_qs242942_1757259370,86,000086.webp,True
Tussar Aplic Printed Sare - Black Colour - QS242943,QS218679,0,3900,2048,https://byrappasilk.in/storage/uploads/FsLFKIueKdZVBLvAZZbgUYKTKA8L2TGmQCknV233.webp,https://byrappasilks.in/shop/tussar_aplic_printed_sare_black_colour_qs242943_1757259346,87,000087.webp,True
Organza Saree With Golden Aplic Work - Black Colour - QS219538,QS219538,0,5995,5480,https://byrappasilk.in/storage/uploads/EsqPfM9fSLVtPE5oEFi6QUzTbH2FjjUQsypzTZKQ.webp,https://byrappasilks.in/shop/organza_saree_with_golden_aplic_work_black_colour_qs219538_1766046253,88,000088.webp,True
Pure Organza Sarees - White With Black Work - QS217380,QS217380,0,14665,13395,https://byrappasilk.in/storage/uploads/sG21XJk5MfEYV0ZWqd8xJLyxZVaQD9HCveTs2O3a.webp,https://byrappasilks.in/shop/pure_organza_sarees_white_with_black_work_qs217380_1751268948,89,000089.webp,True
Fancy Designer Saree with 2 Blouse - Light Beige Colour - QS219661,QS219661,0,6295,5750,https://byrappasilk.in/storage/uploads/nhBIT0z4OP2VhPrBTmGNxfHJfyDGK6mMPZbrwLOz.webp,https://byrappasilks.in/shop/fancy_designer_saree_with_2_blouse_light_beige_colour_qs219661_1751354135,90,000090.webp,True
Fancy Designer Saree with 2 Blouse - Dark Pink Colour - QS219662,QS219655,0,6295,5750,https://byrappasilk.in/storage/uploads/9Myo98PaTGGJtYhtQqJJ6zntkvXNuxFii6Km6PzT.webp,https://byrappasilks.in/shop/fancy_designer_saree_with_2_blouse_dark_pink_colour_qs219662_1751353322,91,000091.webp,True
Fancy Designer Saree with 2 Blouse - Black Colour - QS219652,QS219652,0,6295,5750,https://byrappasilk.in/storage/uploads/6XdnAEuIpN3VafTYdCNnxUDjUQ4jYmDlz7AFdmab.webp,https://byrappasilks.in/shop/fancy_designer_saree_with_2_blouse_black_colour_qs219652_1751353973,92,000092.webp,True
Fancy Designer Saree with 2 Blouse - Grey Colour - QS219664,QS219664,0,6295,5750,https://byrappasilk.in/storage/uploads/NEx9wrMsjM4mcKxR4AfgRvahE9ktxzHXjpQcfA5t.webp,https://byrappasilks.in/shop/fancy_designer_saree_with_2_blouse_grey_colour_qs219664_1751354218,93,000093.webp,True
Fancy Saree - Bright Mustard Yellow with a metallic sheen QS236865,QS236865,0,4900,2573,https://byrappasilk.in/storage/uploads/BD8BRZ2BSsmlBuNRWtdPaGtTpQfs9Q8qXlWlCJ7p.webp,https://byrappasilks.in/shop/fancy_saree_bright_mustard_yellow_with_a_metallic_sheen_qs236865_1754217585,94,000094.webp,True
Fancy Saree - Yellow Silk Saree with Golden Zari Work  (Sunflower Yellow tone) QS236769,QS236769,0,4695,4289,https://byrappasilk.in/storage/uploads/8h8WJ08MxQ4yzAZrKVdlXZ3U57sqSp0igGYicyB9.webp,https://byrappasilks.in/shop/fancy_saree_yellow_silk_saree_with_golden_zari_work_sunflower_yellow_tone_qs236769_1754219611,95,000095.webp,True
Munga Silk Light White with Village Theme QS236350,QS236350,0,5995,5477,https://byrappasilk.in/storage/uploads/3S1C58ECi69tqwToJKI6TF0zacqC31Us4Uqf9afb.webp,https://byrappasilks.in/shop/munga_silk_light_white_with_village_theme_qs236350_1757257357,96,000096.webp,True
Banarasi Silk Saree Deep Royal Purple With Silver Zari Border QS236791,QS236791,0,7900,4148,https://byrappasilk.in/storage/uploads/Jpu3WkhslJzLlXQFU9lpGlUqhrCHhaQTZcWVSRzT.webp,https://byrappasilks.in/shop/banarasi_silk_saree_deep_royal_purple_with_silver_zari_border_qs236791_1754287433,97,000097.webp,True
Plum Purple Silk Saree with Zari Floral Pallu QS236793,QS236793,0,7900,4148,https://byrappasilk.in/storage/uploads/ZPeDdw4XGqOT1N50NktPxhRY1Las4GjcJ5mJokev.webp,https://byrappasilks.in/shop/plum_purple_silk_saree_with_zari_floral_pallu_qs236793_1754294020,98,000098.webp,True
Silk Saree Yellow  With Subtle Zari Work And Floral Motifs QS236745,QS236745,1,7900,4148,https://byrappasilk.in/storage/uploads/ZZdbWBOuY8et4JVD3jzxucM8VObEOOzNTpJCCYmM.webp,https://byrappasilks.in/shop/silk_saree_yellow_with_subtle_zari_work_and_floral_motifs_qs236745_1754380527,99,000099.webp,True
Bandhani Saree Deep Plum  With Golden And White Diagonal Tie-Dye Stripes QS236877,QS236877,0,4900,2572,https://byrappasilk.in/storage/uploads/uzuQQI15ftBuiMLbHYN7fudaGtUuuoyj4CN73ewn.webp,https://byrappasilks.in/shop/bandhani_saree_deep_plum_with_golden_and_white_diagonal_tie_dye_stripes_qs236877_1754381859,100,000100.webp,True
Silk Saree Peach With Golden Zari Border And Subtle Floral Embroidery Border QS236750,QS236750,0,7900,4147,https://byrappasilk.in/storage/uploads/1DRlesB8b5w1vpJ0ldPTepswWv8QfXEPpVM0uGoZ.webp,https://byrappasilks.in/shop/silk_saree_peach_with_golden_zari_border_and_subtle_floral_embroidery_border_qs236750_1754410501,101,000101.webp,True
Rangkat Banarasi Saree Multicolor Peacock with Purple Zari Border QS239074,QS239074,0,6995,6390,https://byrappasilk.in/storage/uploads/NEdfOaoPmkeQbRl7ngKNPtB8Hk5gHMrIn8baQc9N.webp,https://byrappasilks.in/shop/rangkat_banarasi_saree_multicolor_peacock_with_purple_zari_border_qs239074_1755013606,102,000102.webp,True
Rangkat Banarasi Saree Multicolor  with Peacock & Floral Motifs and Magenta Zari Border QS239062,QS239062,0,6995,6390,https://byrappasilk.in/storage/uploads/alhASBf2DbgF5YdWERA1wp2oBBIyxqolcVwpF2y0.webp,https://byrappasilks.in/shop/rangkat_banarasi_saree_multicolor_with_peacock_floral_motifs_and_magenta_zari_border_qs239062_1755095321,103,000103.webp,True
Rangkat Banarasi Saree Green & Blue  with Peacock & Floral Motifs and Navy Zari Border QS239066,QS239066,0,6995,6390,https://byrappasilk.in/storage/uploads/l3eKiHwHPFjCWxcXnqhlltVvUnREg3sDVx7fg4iV.webp,https://byrappasilks.in/shop/rangkat_banarasi_saree_green_blue_with_peacock_floral_motifs_and_navy_zari_border_qs239066_1755097691,104,000104.webp,True
Habutai Banarasi Sea Green with Golden Zari Border & Polka Butta QS240726,QS240726,2,4500,2365,https://byrappasilk.in/storage/uploads/da2wcYo1WYiRBDo9lPGrzAU5S3oodN5yBijoLC5u.webp,https://byrappasilks.in/shop/habutai_banarasi_sea_green_with_golden_zari_border_polka_butta_qs240726_1756653265,105,000105.webp,True
Russian Viscose Silk Saree  Yellow with Golden Zari Elephant QS243136,QS243136,0,4200,2205,https://byrappasilk.in/storage/uploads/jPrKhBorCyxhygOfG1BONebXBnqc5rYlOJaiehue.webp,https://byrappasilks.in/shop/russian_viscose_silk_saree_yellow_with_golden_zari_elephant_qs243136_1759751092,106,000106.webp,True
Russian Viscose Saree  Purple with Golden Zari Elephant QS243136,QS243136,0,4200,2205,https://byrappasilk.in/storage/uploads/n42Q96ffjWPup5L2xKlHFZU4sbfskaSkhES6Bqz6.webp,https://byrappasilks.in/shop/russian_viscose_saree_purple_with_golden_zari_elephant_qs243136_1759750567,107,000107.webp,True
Russian Viscose Saree  Royal Blue with Golden Zari Elephant QS243136,QS243136,0,4200,2205,https://byrappasilk.in/storage/uploads/IOgezyUYURP4TCgEALUzgGDxkzjIbbgP8LA606rj.webp,https://byrappasilks.in/shop/russian_viscose_saree_royal_blue_with_golden_zari_elephant_qs243136_1759750586,108,000108.webp,True
Kalamkari Black Silk Saree with Traditional Mythological Motifs QS242541,QS242541,0,1095,1000,https://byrappasilk.in/storage/uploads/PAzPR07dnLgSCcy5cTAjBHk4lpgh6WjcX9CGNvlN.webp,https://byrappasilks.in/shop/kalamkari_black_silk_saree_with_traditional_mythological_motifs_qs242541_1757255956,109,000109.webp,True
Fancy Sky Blue Linen Silk Saree with Golden Zari Border  QS239312,QS239312,0,3900,2047,https://byrappasilk.in/storage/uploads/t6d0eIxIbBS1DZPOUdxV92o5jAqUtvknvWdOQ750.webp,https://byrappasilks.in/shop/fancy_sky_blue_linen_silk_saree_with_golden_zari_border_qs239312_1756183960,110,000110.webp,True
Fancy Peach Pink Linen Silk Saree with Golden Zari Border QS239312,QS239312,0,3900,2047,https://byrappasilk.in/storage/uploads/0TrboGULEZzC0rqryfFc6Gs92xakEz6sbqqmyEMn.webp,https://byrappasilks.in/shop/fancy_peach_pink_linen_silk_saree_with_golden_zari_border_qs239312_1756178373,111,000111.webp,True
Fancy Rust Orange Linen Silk Saree with Golden Zari Border QS239312,QS239312,0,3900,2047,https://byrappasilk.in/storage/uploads/GMjDfb3Zw7GX3IYx7bd3qcdEefR71mxjVpO1ra0U.webp,https://byrappasilks.in/shop/fancy_rust_orange_linen_silk_saree_with_golden_zari_border_qs239312_1756179824,112,000112.webp,True
Habutai Banarasi Black with Golden Zari Border & Polka Buttas QS240743,QS240743,-1,4500,2365,https://byrappasilk.in/storage/uploads/8LkOo5rJW8DeKUzmQ5ZD9ep3RkuToYzdlMiXh4O8.webp,https://byrappasilks.in/shop/habutai_banarasi_black_with_golden_zari_border_polka_buttas_qs240743_1756652622,113,000113.webp,True
Munga Royal Purple  with Intricate Weaving QS239075,QS239075,0,6995,6389,https://byrappasilk.in/storage/uploads/EaTPg4QJLzaq3hlWqQx3aBS99Fa1SDbcaaREotXC.webp,https://byrappasilks.in/shop/munga_royal_purple_with_intricate_weaving_qs239075_1756800742,114,000114.webp,True
Munga Vibrant Pink & Orange Banarasi Silk Saree with Inticate Weaving QS239075,QS239075,0,6995,6389,https://byrappasilk.in/storage/uploads/CqAzgVOlIkDKex0oy7a2HLiSpYPqhWaT1LYDJutv.webp,https://byrappasilks.in/shop/munga_vibrant_pink_orange_banarasi_silk_saree_with_inticate_weaving_qs239075_1756800687,115,000115.webp,True
Munga Elegant Pink  with Intricate Weaving  QS239075,QS239075,0,6995,6389,https://byrappasilk.in/storage/uploads/GomvrLFiw9qUUle7xQd6OmB7vfcyiFIjIkqywVeq.webp,https://byrappasilks.in/shop/munga_elegant_pink_with_intricate_weaving_qs239075_1756800630,116,000116.webp,True
Munga Majestic Purple & Silver Saree with Intricate Weaving QS239075,QS239075,0,6995,6389,https://byrappasilk.in/storage/uploads/s4Ugf92kCV5TnjOLVD5snKHbzZE8nFJ05uCoYTxa.webp,https://byrappasilks.in/shop/munga_majestic_purple_silver_saree_with_intricate_weaving_qs239075_1756800601,117,000117.webp,True
Munga Silver-Grey & Purple Banarasi Silk with Intricate Weaving QS239075,QS239075,0,6995,6389,https://byrappasilk.in/storage/uploads/iW8De6DCmfYjUrPI8XhElt752V32CKoq3t517sbf.webp,https://byrappasilks.in/shop/munga_silver_grey_purple_banarasi_silk_with_intricate_weaving_qs239075_1756800333,118,000118.webp,True
Fancy Graceful White Net Saree with Embroidered Floral Border QS239202,QS239202,0,4900,2572,https://byrappasilk.in/storage/uploads/Me6svachNUY4XW3NM5qJekyg9EZloScwbEANAryq.webp,https://byrappasilks.in/shop/fancy_graceful_white_net_saree_with_embroidered_floral_border_qs239202_1756263125,119,000119.webp,True
Munga Mustard Yellow Banarasi Silk Saree with Intricate Prints  QS240177,QS240177,0,5995,5476,https://byrappasilk.in/storage/uploads/xkIwDa4EuGnYhDUT0z3dMSpDjaqFy4OBATDjQ4TB.webp,https://byrappasilks.in/shop/munga_mustard_yellow_banarasi_silk_saree_with_intricate_prints_qs240177_1756711665,120,000120.webp,True
Munga Rani Pink Banarasi Silk Saree with  Intricate Prints  QS240202,QS240202,0,5995,5476,https://byrappasilk.in/storage/uploads/lNNLUUHpCFy6FhwKTwNE9iFHNi0Yimk04pF62QUb.webp,https://byrappasilks.in/shop/munga_rani_pink_banarasi_silk_saree_with_intricate_prints_qs240202_1756712364,121,000121.webp,True
Munga Brown Banarasi Silk Saree with  Intricate Prints  QS240187,QS240187,0,5995,5476,https://byrappasilk.in/storage/uploads/Ue2Bmo3003ofvMqakT02jr4t2P4knvYizongJa9p.webp,https://byrappasilks.in/shop/munga_brown_banarasi_silk_saree_with_intricate_prints_qs240187_1756795327,122,000122.webp,True
Fancy Black Saree with Golden Zari & Multicolor Floral Bird Design QS242277,QS242277,0,8395,7669,https://byrappasilk.in/storage/uploads/CKa1UeCtdproxnacp0dnijfFQELtRfGqoQVkFhyS.webp,https://byrappasilks.in/shop/fancy_black_saree_with_golden_zari_multicolor_floral_bird_design_qs242277_1766466501,123,000123.webp,True
Fancy Banarasi  Pink Silk Saree with Golden Zari Border & Traditional Weave QS228695,QS228695,0,3995,3650,https://byrappasilk.in/storage/uploads/QC3MZrMajlqjpRo0NtokHjK6d70oQTJbDcGdNb9N.webp,https://byrappasilks.in/shop/fancy_banarasi_pink_silk_saree_with_golden_zari_border_traditional_weave_qs228695_1757136476,124,000124.webp,True
Georgette Meenakari Orange-Pink withTraditional Motifs QS248746,QS248746,0,7695,7029,https://byrappasilk.in/storage/uploads/3urBAwsHq275tm39tzEIAz3BnrDwdYtmNKAxjDei.webp,https://byrappasilks.in/shop/georgette_meenakari_orange_pink_withtraditional_motifs_qs248746_1757260479,125,000125.webp,True
Georgette Meenakari Pink withTraditional Motifs QS248744,QS248744,0,7695,7029,https://byrappasilk.in/storage/uploads/lMZuHOOvkBD2ijtSwyaKMdEsnkxuLYqBmDP9wo7H.webp,https://byrappasilks.in/shop/georgette_meenakari_pink_withtraditional_motifs_qs248744_1757260667,126,000126.webp,True
Georgette Meenakari Pastel Pink withTraditional Motifs  QS248731,QS248731,0,7695,7029,https://byrappasilk.in/storage/uploads/Uh7zepf4Ln3b73hAdYrsykz4OeQnFFSt3XvPKoIb.webp,https://byrappasilks.in/shop/georgette_meenakari_pastel_pink_withtraditional_motifs_qs248731_1757260535,127,000127.webp,True
Dola Peacock Dark Blue Banarasi Silk Saree QS248064,QS248064,0,3900,2047,https://byrappasilk.in/storage/uploads/KqXzT6uQZzlACvvQRqI2EAwRsnswH8JmyOQzy4Oh.webp,https://byrappasilks.in/shop/dola_peacock_dark_blue_banarasi_silk_saree_qs248064_1757258129,128,000128.webp,True
Dola Peacock Motif Orange Banarasi Silk Saree QS248075,QS248075,0,3900,2074,https://byrappasilk.in/storage/uploads/a4hqBdPGSi7CA6OrzHjC9tVwSNYjLd1bSSlx88En.webp,https://byrappasilks.in/shop/dola_peacock_motif_orange_banarasi_silk_saree_qs248075_1757258466,129,000129.webp,True
Dola Peacock Motif Grey-Blue Silk Saree QS248052,QS248052,0,3900,2074,https://byrappasilk.in/storage/uploads/CmmH2F8AOpOQYEE8AydjqMNuoF7DnPOJGa69cmLv.webp,https://byrappasilks.in/shop/dola_peacock_motif_grey_blue_silk_saree_qs248052_1757258703,130,000130.webp,True
Dola Pichwai Cow Motif Green Silk Saree  QS248124,QS248124,0,3900,2074,https://byrappasilk.in/storage/uploads/cLuMzff0WMTh9GPPQS9SAT9dDMuT2diupJvFsifc.webp,https://byrappasilks.in/shop/dola_pichwai_cow_motif_green_silk_saree_qs248124_1757257807,131,000131.webp,True
Charming Light Pink Banarasi Silk Saree with Multicolor Floral Weave QS248728,QS248728,0,7695,7029,https://byrappasilk.in/storage/uploads/Ko1rtFSZcljZHTm8adbBelSDR6vLPuFWJhLpuWKy.webp,https://byrappasilks.in/shop/charming_light_pink_banarasi_silk_saree_with_multicolor_floral_weave_qs248728_1757235009,132,000132.webp,True
Dola Pichwai Cow  Motif Vibrant Orange Silk Saree QS248132,QS248132,0,3900,2074,https://byrappasilk.in/storage/uploads/KLwq8JqHtRXgZoNgpq0N3zW6PICvBanD2lAVmzHt.webp,https://byrappasilks.in/shop/dola_pichwai_cow_motif_vibrant_orange_silk_saree_qs248132_1757257688,133,000133.webp,True
Dola Peacock Motif Pink Silk Saree QS248086,QS248086,0,3900,2074,https://byrappasilk.in/storage/uploads/sP5KsC3qRezh553V9CZgQKovpbu6WpsgGlSUvIur.webp,https://byrappasilks.in/shop/dola_peacock_motif_pink_silk_saree_qs248086_1757258384,134,000134.webp,True
Dola Pichwai Cow  Purple Silk Saree QS248150,QS248150,0,3900,2074,https://byrappasilk.in/storage/uploads/h1k1nlGRSZtf65JiPODkfHooAE0Nyb3reElDG49m.webp,https://byrappasilks.in/shop/dola_pichwai_cow_purple_silk_saree_qs248150_1757258262,135,000135.webp,True
Dola Pichwai Cow Motif Red Silk Saree QS248128,QS248128,0,3900,2074,https://byrappasilk.in/storage/uploads/tuLmDTGzXtfXdIOCJAaDwKwQytHFLrHAbQ8QtkZy.webp,https://byrappasilks.in/shop/dola_pichwai_cow_motif_red_silk_saree_qs248128_1757258358,136,000136.webp,True
Dola Peacock Motif  Red Silk Saree QS248088,QS248088,0,3900,2074,https://byrappasilk.in/storage/uploads/eHYnNeODOwmufd1jkexMqgKBMOAuAx7XOhWKch5R.webp,https://byrappasilks.in/shop/dola_peacock_motif_red_silk_saree_qs248088_1757258538,137,000137.webp,True
Rangkat Banarasi Saree Multicolor with Peacock & Floral Motifs and Pink Zari Border QS248752,QS248752,0,6995,6390,https://byrappasilk.in/storage/uploads/K2GP96r5i3ALKPnN1UcNX34WPmFKaOW3mulHKCso.webp,https://byrappasilks.in/shop/rangkat_banarasi_saree_multicolor_with_peacock_floral_motifs_and_pink_zari_border_qs248752_1757249772,138,000138.webp,True
Linen Semi Tussar Aplic Cream Saree QS250326,QS250326,0,2395,2188,https://byrappasilk.in/storage/uploads/EJADFCaFg1IoXdbvvgeZOdv4Ob1DmQvk8XJLx1qF.webp,https://byrappasilks.in/shop/linen_semi_tussar_aplic_cream_saree_qs250326_1757250566,139,000139.webp,True
Dola Elephant Print Stripes Purple Saree QS250284,QS250284,0,2495,2280,https://byrappasilk.in/storage/uploads/cqIw43xPeFTPIGAd9SDhs2XGaYwL5yxcNoMFOSNo.webp,https://byrappasilks.in/shop/dola_elephant_print_stripes_purple_saree_qs250284_1757251283,140,000140.webp,True
Dola Elephant Print Stripe Green Saree QS250270,QS250270,0,2495,2280,https://byrappasilk.in/storage/uploads/jixRem6aPKhCCSXfjFBrMxWc2hR6dNU1FEXCBiSz.webp,https://byrappasilks.in/shop/dola_elephant_print_stripe_green_saree_qs250270_1757251827,141,000141.webp,True
Dola Elephant Print Stripes Pink Saree QS250261,QS250261,0,2495,2280,https://byrappasilk.in/storage/uploads/GACpC6FySRI7X20VpcB3AaMH08XGEMQHL0W5ipw3.webp,https://byrappasilks.in/shop/dola_elephant_print_stripes_pink_saree_qs250261_1757252197,142,000142.webp,True
Dola Elephant Print Stripes Wine Saree QS250271,QS250271,0,2495,2280,https://byrappasilk.in/storage/uploads/byuAf0XX9DMEcMrf6aOtF5cOw9PCyMUYUpQh8sQL.webp,https://byrappasilks.in/shop/dola_elephant_print_stripes_wine_saree_qs250271_1757252657,143,000143.webp,True
Dola Elephant Print Stripe Red Saree QS250269,QS250269,0,2495,2280,https://byrappasilk.in/storage/uploads/e8rDZUfq8j7dPK6Pf8BrkIDmUnvjVboPaF7LPw2r.webp,https://byrappasilks.in/shop/dola_elephant_print_stripe_red_saree_qs250269_1757252906,144,000144.webp,True
Kora Aplic Cream Saree Elephant Motif QS248952,QS248952,0,4400,2310,https://byrappasilk.in/storage/uploads/U4q2ZuDuW7twzB6P9nadEjytB3HslXuAXkHOj5sc.webp,https://byrappasilks.in/shop/kora_aplic_cream_saree_elephant_motif_qs248952_1757253351,145,000145.webp,True
Kora Aplic Black Saree Elephant Motif QS240026,QS240026,0,3600,1890,https://byrappasilk.in/storage/uploads/VJfbTmkHu9mPdmMUaIuAZMLXwaERuaAX2s8wcsWw.webp,https://byrappasilks.in/shop/kora_aplic_black_saree_elephant_motif_qs240026_1757254306,146,000146.webp,True
Kalamkari Grey Silk Saree with Traditional Mythological Motifs QS249284,QS249284,0,1095,1000,https://byrappasilk.in/storage/uploads/L6UaGf8Es7BffQfpR7snal49aBDDrZStURSJBB3j.webp,https://byrappasilks.in/shop/kalamkari_grey_silk_saree_with_traditional_mythological_motifs_qs249284_1757255913,147,000147.webp,True
Kalamkari Red Silk Saree with Traditional Mythological Motifs QS249255,QS249255,0,1095,1000,https://byrappasilk.in/storage/uploads/7h1ts3Yx5sJOF052xfISmZfwCR2gyxdpEtvl6T25.webp,https://byrappasilks.in/shop/kalamkari_red_silk_saree_with_traditional_mythological_motifs_qs249255_1757256349,148,000148.webp,True
Munga Silk Light Blue & Pink with Village Theme QS236350,QS236350,1,5995,5477,https://byrappasilk.in/storage/uploads/KvblbVTB4kHHBJ1If34sOenOWvwTj2TimB5WjMMw.webp,https://byrappasilks.in/shop/munga_silk_light_blue_pink_with_village_theme_qs236350_1757257301,149,000149.webp,True
Georgette Meenakari Green withTraditional Motifs QS248729,QS248729,0,7695,7029,https://byrappasilk.in/storage/uploads/wjr5dESi6oiuVG1UMBjOq6FjzDpPJSzCJglXfnt1.webp,https://byrappasilks.in/shop/georgette_meenakari_green_withtraditional_motifs_qs248729_1757260898,150,000150.webp,True
Partywear Banarasi  Saree  Deep wine with blouse- QS246339,QS246339,0,8995,8217,https://byrappasilk.in/storage/uploads/ooKIqj1gRJFJqaHKgEwsCVan4g6czURkP9I1tx4J.webp,https://byrappasilks.in/shop/partywear_banarasi_saree_deep_wine_with_blouse_qs246339_1758610424,151,000151.webp,True
Partywear Banarasi  Saree Deep black with blouse  - QS246333,QS246333,0,7695,7030,https://byrappasilk.in/storage/uploads/T8e9GosZ7hFdcs2k8n1bN9rfiaiTQoW7oGOYZ2ST.webp,https://byrappasilks.in/shop/partywear_banarasi_saree_deep_black_with_blouse_qs246333_1758610407,152,000152.webp,True
Partywear Banarasi  Saree Navy Blue with blouse  - QS246332,QS246332,0,7695,7030,https://byrappasilk.in/storage/uploads/MZK3a3sgYiLxE7jFKQnc2jRf7aQcu2tsUiZBI3ap.webp,https://byrappasilks.in/shop/partywear_banarasi_saree_navy_blue_with_blouse_qs246332_1758610395,153,000153.webp,True
Partywear Banarasi  Saree  Multicolour floral .Deep navy with blouse- QS246340,QS246340,0,8995,8217,https://byrappasilk.in/storage/uploads/mzIhVge9tfQuNnxvXHU2UThWG53dDs9BEFmLrlDr.webp,https://byrappasilks.in/shop/partywear_banarasi_saree_multicolour_floral_deep_navy_with_blouse_qs246340_1758610384,154,000154.webp,True
Partywear Banarasi  Saree Vibrant fuchsia pink base with blouse - QS214944,QS214944,0,9995,9130,https://byrappasilk.in/storage/uploads/QMYggBRDuv5Loj6HDX3tGAU6ZnyJDkKI04LDkTU5.webp,https://byrappasilks.in/shop/partywear_banarasi_saree_vibrant_fuchsia_pink_base_with_blouse_qs214944_1758610367,155,000155.webp,True
Kalamkari saree Beige/cream base with multi-colour motifs.- QS252423,QS252423,0,5995,5476,https://byrappasilk.in/storage/uploads/waF3IELPA3Cotxu7TpzN473oPUPjThaTMuXjYbkQ.webp,https://byrappasilks.in/shop/kalamkari_saree_beigecream_base_with_multi_colour_motifs_qs252423_1757910523,156,000156.webp,True
Floral Polka Aplic Saree Green QS252297,QS252297,0,3900,2047,https://byrappasilk.in/storage/uploads/xOjjmHl7NrApbRlZmRc5zdjdgPrqDoM7VYnuyXTs.webp,https://byrappasilks.in/shop/floral_polka_aplic_saree_green_qs252297_1758161142,157,000157.webp,True
Floral Polka Aplic Kota Yellow Saree  QS246051,QS246051,0,3900,2047,https://byrappasilk.in/storage/uploads/wqlJRSRswtLyGTVpP8T9X6aqTwcJ1ZTu7SqzSeSa.webp,https://byrappasilks.in/shop/floral_polka_aplic_kota_yellow_saree_qs246051_1758161032,158,000158.webp,True
Floral Polka Aplic Pink Floral QS246064,QS246064,0,3900,2047,https://byrappasilk.in/storage/uploads/VR6HXNvXXDHJahSjmHLXpO0rt4WRRR7RXvKv8UpB.webp,https://byrappasilks.in/shop/floral_polka_aplic_pink_floral_qs246064_1758161132,159,000159.webp,True
Floral Polka Aplic  Lavender Saree QS252302,QS252302,0,3900,2047,https://byrappasilk.in/storage/uploads/cx1FbE6WZ3M0U54dy8qtdfFnsltsO2llx7K0ncVO.webp,https://byrappasilks.in/shop/floral_polka_aplic_lavender_saree_qs252302_1758161119,160,000160.webp,True
Semi Organza Aplic white black Saree QS254442,Qs254442,0,3495,3195,https://byrappasilk.in/storage/uploads/HPMq8rtJdyEaMiO1a5cPA9zrhaOsSUrUPs8CkrLQ.webp,https://byrappasilks.in/shop/semi_organza_aplic_white_black_saree_qs254442_1758187000,161,000161.webp,True
Semi Organza Aplic white Red Saree QS254442,QS254442,3,3495,3195,https://byrappasilk.in/storage/uploads/JZu5YYPZWCJaMUcwihmQszONFpVTabeZ1nM03k3v.webp,https://byrappasilks.in/shop/semi_organza_aplic_white_red_saree_qs254442_1758187213,162,000162.webp,True
Kalamkari Silk Saree Exquisite Black QS254555,QS254555,-1,5995,5476,https://byrappasilk.in/storage/uploads/5tP03Hyj2bVPnRQP1TRYYO9wYV94xPJqVHWXim5Y.webp,https://byrappasilks.in/shop/kalamkari_silk_saree_exquisite_black_qs254555_1758554578,163,000163.webp,True
Kalamkari Silk Saree Exquisite Teal Blue   QS254135,QS254135,0,5995,5476,https://byrappasilk.in/storage/uploads/Tf4sJTVbkNljCcTte3FB0tsHYU1lexgaPQXtE1kG.webp,https://byrappasilks.in/shop/kalamkari_silk_saree_exquisite_teal_blue_qs254135_1758554552,164,000164.webp,True
Kalamkari Silk Saree Exquisite Cream QS254558,QS254558,2,5995,5476,https://byrappasilk.in/storage/uploads/DBWWm483bIrnPC9mvjC7XvY02lxPhK78S2KWzsQo.webp,https://byrappasilks.in/shop/kalamkari_silk_saree_exquisite_cream_qs254558_1758554510,165,000165.webp,True
Kalamkari Silk Saree Elegant Green QS254130,QS254130,0,5995,5476,https://byrappasilk.in/storage/uploads/LJRxbDF0YIlN0gYF5U6YNKViRLs0ISGMTym1CXZf.webp,https://byrappasilks.in/shop/kalamkari_silk_saree_elegant_green_qs254130_1758554482,166,000166.webp,True
Kalamkari Silk Luxurious Purple Saree QS25126,QS25126,0,5995,5476,https://byrappasilk.in/storage/uploads/RgeeKQiasCT0w8wOvtIjpAV6RaVycPn2eWl4Qava.webp,https://byrappasilks.in/shop/kalamkari_silk_luxurious_purple_saree_qs25126_1758554418,167,000167.webp,True
Fancy Banarasi Saree Purple  with Golden Zari & Multicolor Floral Bird Design QS254515,QS254515,0,8395,7669,https://byrappasilk.in/storage/uploads/IhIyNuNVMOh5Lwm1Eg95j9kWGIHr2ro1BfFatwOe.webp,https://byrappasilks.in/shop/fancy_banarasi_saree_purple_with_golden_zari_multicolor_floral_bird_design_qs254515_1766410531,168,000168.webp,True
Fancy Banarasi Pink Saree with Golden Zari & Multicolor Floral Bird Design QS254511,QS254511,0,8395,7669,https://byrappasilk.in/storage/uploads/mPIV2HIdWJqwtws0dW9rcMU6IRl2zCJ25TTmWInh.webp,https://byrappasilks.in/shop/fancy_banarasi_pink_saree_with_golden_zari_multicolor_floral_bird_design_qs254511_1758780911,169,000169.webp,True
Kanjeevaram  Elegant Silver & Black Handloom Pure Silk Saree QW202566,QW202566,0,36995,33795,https://byrappasilk.in/storage/uploads/RYJcgNHywJCtYV50kJs0RTykqtRyeDKsskOuyaOz.webp,https://byrappasilks.in/shop/kanjeevaram_elegant_silver_black_handloom_pure_silk_saree_qw202566_1759572054,170,000170.webp,True
khadhi George tte Vibrant Lime Green Saree with Golden Zari QS257704,QS257704,0,3995,3650,https://byrappasilk.in/storage/uploads/npwm03RhqECRrrQdWRBnulpywZjhDuKSE69G4zlb.webp,https://byrappasilks.in/shop/khadhi_george_tte_vibrant_lime_green_saree_with_golden_zari_qs257704_1759605577,171,000171.webp,True
Puna Banarasi Handloom Royal Purple wide central panel of diagonal zari lines QS206169,QS206169,0,17665,16135,https://byrappasilk.in/storage/uploads/ujuBvj6swBymWACGLQ84hSxOPDoNNbBZITZygVy2.webp,https://byrappasilks.in/shop/puna_banarasi_handloom_royal_purple_wide_central_panel_of_diagonal_zari_lines_qs206169_1759864303,172,000172.webp,True
Puna Banarasi Handloom Black wide central panel of diagonal zari lines QS206169,QS206169,2,17665,16135,https://byrappasilk.in/storage/uploads/gwSmPu0G0R7PBPA2WhB0UZLrTDTMz4tqDIF4Ew5x.webp,https://byrappasilks.in/shop/puna_banarasi_handloom_black_wide_central_panel_of_diagonal_zari_lines_qs206169_1759864277,173,000173.webp,True
Puna Banarasi Elegant Dark Green Silk Saree with Gold Zari Border QS249829,QS249829,0,12665,11570,https://byrappasilk.in/storage/uploads/4Yp4bBapkO8Tuuu3aumayPE43DKOTX64WMlILgsn.webp,https://byrappasilks.in/shop/puna_banarasi_elegant_dark_green_silk_saree_with_gold_zari_border_qs249829_1759921054,174,000174.webp,True
Puna Banarasi Purple Silk Saree with Gold Zari Border QS249826,QS249826,0,12665,11570,https://byrappasilk.in/storage/uploads/zARNmSayx474BnnAnlhg8fArEGwPbq0u7bSU2vvW.webp,https://byrappasilks.in/shop/puna_banarasi_purple_silk_saree_with_gold_zari_border_qs249826_1759922247,175,000175.webp,True
Puna Banarasi Pink Saree with Gold Zari Border QS249830,QS249830,0,12665,11570,https://byrappasilk.in/storage/uploads/Lwty9AjeERSxle499nY4pXPz0EeLw10MgWY3RIl7.webp,https://byrappasilks.in/shop/puna_banarasi_pink_saree_with_gold_zari_border_qs249830_1759922426,176,000176.webp,True
Puna Banarasi Red Silk Saree with Gold Zari Border QS249831,QS249831,0,12665,11570,https://byrappasilk.in/storage/uploads/vAwJdCS7FvJVnIQ70wB9i99Xj7QjyYz32oeDJwQC.webp,https://byrappasilks.in/shop/puna_banarasi_red_silk_saree_with_gold_zari_border_qs249831_1759922725,177,000177.webp,True
Puna Banarasi Orange Silk Saree with Gold Zari Border QS249827,QS249827,0,12665,11570,https://byrappasilk.in/storage/uploads/hvmoWGa1XAiDVrBbqW2RJlSjLR1lEfyEVqdNlY0p.webp,https://byrappasilks.in/shop/puna_banarasi_orange_silk_saree_with_gold_zari_border_qs249827_1759922962,178,000178.webp,True
Modal Saree Black & White Bold Leafy Print QS264143,QS264143,0,3995,3650,https://byrappasilk.in/storage/uploads/vjh7MEgYOhG7sSEYlSD3W5lobLLMTGS95gCOx09Y.webp,https://byrappasilks.in/shop/modal_saree_black_white_bold_leafy_print_qs264143_1760004421,179,000179.webp,True
Kota Cotton Saree With Aplic Work Elegant Beige Organza Fabric with Black Cut work Floral Border QS264246,QS264246,0,3995,3650,https://byrappasilk.in/storage/uploads/ZO268LUrdgZW75l2X7J0fcPRNjvftwTJc4ZwcJL8.webp,https://byrappasilks.in/shop/kota_cotton_saree_with_aplic_work_elegant_beige_organza_fabric_with_black_cut_work_floral_border_qs264246_1760030649,180,000180.webp,True
Kota Cotton Saree With Aplic Work Elegant Beige Organza Fabric with Red Cut work Floral Border QS264234,QS264234,0,3995,3650,https://byrappasilk.in/storage/uploads/ia4yCAbc86eARmTo6lloyHTPrMJ7fVKwEKD71jXe.webp,https://byrappasilks.in/shop/kota_cotton_saree_with_aplic_work_elegant_beige_organza_fabric_with_red_cut_work_floral_border_qs264234_1760016516,181,000181.webp,True
Puna Banarasi Elegant Dark Green Silk Saree with Elephant Zari Border QS242328,QS242328,0,13665,12485,https://byrappasilk.in/storage/uploads/Fg0DaS9tnOyWL9m8jjxKKD2PQSaz9k3RCZ0wQcQ0.webp,https://byrappasilks.in/shop/puna_banarasi_elegant_dark_green_silk_saree_with_elephant_zari_border_qs242328_1760427192,182,000182.webp,True
Puna Banarasi Purple Silk Saree with Elephant Zari Border QS249835,QS249835,0,12665,11570,https://byrappasilk.in/storage/uploads/KeScXeeg1rq1mHf8xZoeyWJWVZCwrS7soVN1SEPB.webp,https://byrappasilks.in/shop/puna_banarasi_purple_silk_saree_with_elephant_zari_border_qs249835_1760427585,183,000183.webp,True
Puna Banarasi Blue Silk Saree with Elephant Zari Border QS242325,QS242325,0,13665,12485,https://byrappasilk.in/storage/uploads/PD3cMOvNcYMpNVZEa9QZH6opeexlYK82aECG0f3U.webp,https://byrappasilks.in/shop/puna_banarasi_blue_silk_saree_with_elephant_zari_border_qs242325_1760427743,184,000184.webp,True
Puna Banarasi Light Green Silk Saree with Elephant Zari Border QS249836,QS249836,0,12665,11570,https://byrappasilk.in/storage/uploads/ZlICRvKKyFi2zQ4Edw5XADikSeXdeuupS76OQSxg.webp,https://byrappasilks.in/shop/puna_banarasi_light_green_silk_saree_with_elephant_zari_border_qs249836_1760427973,185,000185.webp,True
Puna Banarasi Orange Silk Saree with Elephant Zari Border QS242333,QS242333,0,13665,12485,https://byrappasilk.in/storage/uploads/NBaWBgIeFH9W7ydxVCt9HnhProoUNjTauneXZmQf.webp,https://byrappasilks.in/shop/puna_banarasi_orange_silk_saree_with_elephant_zari_border_qs242333_1760428146,186,000186.webp,True
Tussar Saree With Madhubani Print Dusty Purple With Traditional Art QS264566,QS264566,0,2795,2555,https://byrappasilk.in/storage/uploads/fV3OCBjyPEDc3FnKRWbnEf15EZtqwXcLWcbTSTtI.webp,https://byrappasilks.in/shop/tussar_saree_with_madhubani_print_dusty_purple_with_traditional_art_qs264566_1760630173,187,000187.webp,False
Chanderi Soft Silk Saree With Floral Design QS264179,QS264179,0,1895,1730,https://byrappasilk.in/storage/uploads/jJaK96ocPLGi37EOHzrz61kaFQX4mDl8Li6RRh9N.webp,https://byrappasilks.in/shop/chanderi_soft_silk_saree_with_floral_design_qs264179_1761560667,188,000188.webp,True
Traditional Tussar Saree Bright Yellow with Green & Black Temple Border QS268576,QS268576,-1,1895,1730,https://byrappasilk.in/storage/uploads/5mwR9UCTDHE1vj43OqQthflsVArfofjJlUcOJdEn.webp,https://byrappasilks.in/shop/traditional_tussar_saree_bright_yellow_with_green_black_temple_border_qs268576_1761912092,189,000189.webp,True
Traditional Tussar Saree Green with Blue & Black Temple Border QS268583,QS268583,0,1895,1730,https://byrappasilk.in/storage/uploads/BcoNwIQPH6IqJukOhRb79aWXTqQaQcvBYI3SK6Dz.webp,https://byrappasilks.in/shop/traditional_tussar_saree_green_with_blue_black_temple_border_qs268583_1761912885,190,000190.webp,True
Traditional Tussar Saree White with Green & Black Temple Border QS268576,QS268576,0,1895,1730,https://byrappasilk.in/storage/uploads/nzGHgTkhZg9FbTFmBSvY8H1YgqOUwCvBLjWuZpBu.webp,https://byrappasilks.in/shop/traditional_tussar_saree_white_with_green_black_temple_border_qs268576_1761913797,191,000191.webp,True
Traditional Tussar Saree Pink with Green & Black Temple Border QS268580,QS268580,-2,1895,1730,https://byrappasilk.in/storage/uploads/EL4ti1JBZ6qJmbJDVGBGhS1Y1XSwCFG5onpuC3bH.webp,https://byrappasilks.in/shop/traditional_tussar_saree_pink_with_green_black_temple_border_qs268580_1761913946,192,000192.webp,True
Semi Tussar Saree with Contrast Woven Check  Black QS268002,QS268002,0,2495,2280,https://byrappasilk.in/storage/uploads/tyWN1zPBxHFtzhL6Bfw82CAk8wVhYTTcTq6LLp2I.webp,https://byrappasilks.in/shop/semi_tussar_saree_with_contrast_woven_check_black_qs268002_1767944854,193,000193.webp,True
Tussar Saree Light Blue with Contrast Woven Check QS268002,QS268002,0,2495,2280,https://byrappasilk.in/storage/uploads/zSxSS6vkRBKxbHsLJba8ulmbrC8GkredOv5YN1wr.webp,https://byrappasilks.in/shop/tussar_saree_light_blue_with_contrast_woven_check_qs268002_1762097780,194,000194.webp,True
Rich Maroon Silk Saree with Chevron Temple Border and Antique Zari QA254105,QA254105,0,34995,27560,https://byrappasilk.in/storage/uploads/WUtLsXzfZPbnOgQIN2mAPscspZA0PX7YCcRTngHe.webp,https://byrappasilks.in/shop/rich_maroon_silk_saree_with_chevron_temple_border_and_antique_zari_qa254105_1762271413,195,000195.webp,True
Pink  Silk Saree with Chevron Temple Border and Antique Zari QA254020,QA254020,0,34995,27560,https://byrappasilk.in/storage/uploads/ODbG6vZld8J9p5Yylv3zWNwchJHjSXiMNxnpfZn7.webp,https://byrappasilks.in/shop/pink_silk_saree_with_chevron_temple_border_and_antique_zari_qa254020_1762272552,196,000196.webp,True
Banarasi Satin Saree Mauve with All-Over Geometric Zari QS267969,QS267969,0,7900,4150,https://byrappasilk.in/storage/uploads/LbAMqxDpI4dAr3R9KhVEbyOb3fwN0d9ilFdBEMIt.webp,https://byrappasilks.in/shop/banarasi_satin_saree_mauve_with_all_over_geometric_zari_qs267969_1762410968,197,000197.webp,True
Banarasi Satin Saree Half White with All-Over Geometric Zari QS248937,QS248937,0,7999,4150,https://byrappasilk.in/storage/uploads/99GPFIwEvETHfQlU0MdL7ZlYaZut0HEAecQfugzF.webp,https://byrappasilks.in/shop/banarasi_satin_saree_half_white_with_all_over_geometric_zari_qs248937_1762411202,198,000198.webp,True
Traditional Tussar Saree White with Red & Red Temple Border QS268580,QS268580,0,1895,1730,https://byrappasilk.in/storage/uploads/8y0x1On4gb1H9KVT7NOh4qTQo3Oba9kbAxvFsJXZ.webp,https://byrappasilks.in/shop/traditional_tussar_saree_white_with_red_red_temple_border_qs268580_1762986313,199,000199.webp,True
Pure Silk Pink & Gold Saree with Zari Stripes QS271147,QS271147,0,6995,6390,https://byrappasilk.in/storage/uploads/9yrXJEEjpjltDnksTbAWGJnxefRZnYuDEy5uLz8N.webp,https://byrappasilks.in/shop/pure_silk_pink_gold_saree_with_zari_stripes_qs271147_1763079801,200,000200.webp,True
Pure Silk Green & Gold Saree with Zari Stripes QS271185,QS271185,-1,7495,6845,https://byrappasilk.in/storage/uploads/iACq3Tieg65gg5BMHigmouu63RQ2AeadSgnZvNRp.webp,https://byrappasilks.in/shop/pure_silk_green_gold_saree_with_zari_stripes_qs271185_1763088114,201,000201.webp,True
Semi Tussar Saree with Contrast Woven Check Blue QS268002,QS268002,0,2495,2280,https://byrappasilk.in/storage/uploads/BvXR89VroAcB3SsI5siftDc2VVkpXwi8wcyxOPAe.webp,https://byrappasilks.in/shop/semi_tussar_saree_with_contrast_woven_check_blue_qs268002_1767945100,202,000202.webp,True
Traditional Silk Saree Rust Orange QS270240,QS270240,0,9995,9130,https://byrappasilk.in/storage/uploads/kjZvrKwH2v3yxGGJsq4Aw7gG9ybhIbuXrp4Wovpp.webp,https://byrappasilks.in/shop/traditional_silk_saree_rust_orange_qs270240_1763204198,203,000203.webp,True
Banarasi Saree With Ready Blouse Green QS273096,QS273096,0,7695,7030,https://byrappasilk.in/storage/uploads/AQea2shvku55POIni1gZRdkaBn8e9ud5MyTUZS8Y.webp,https://byrappasilks.in/shop/banarasi_saree_with_ready_blouse_green_qs273096_1763539456,204,000204.webp,True
Banarasi Saree With Ready Blouse Yelow QS273096,QS273096,0,7695,7030,https://byrappasilk.in/storage/uploads/SuAkRTQNcNZNfH45EBDDOZZz19imOWu0QWjgMClk.webp,https://byrappasilks.in/shop/banarasi_saree_with_ready_blouse_yelow_qs273096_1763540641,205,000205.webp,True
Banarasi Saree With Ready Blouse Purple QS273096,QS273096,0,7695,7030,https://byrappasilk.in/storage/uploads/53EtAsZEZutDUFFb6e7cLlhKxHsVIwSTZemJ4Smz.webp,https://byrappasilks.in/shop/banarasi_saree_with_ready_blouse_purple_qs273096_1763540881,206,000206.webp,True
Banarasi Saree With Ready Blouse Pink QS273096,QS273096,0,7695,7030,https://byrappasilk.in/storage/uploads/8pRKizMlDg3tv7c97JMqcQlPkdReMrpKbieTU7oO.webp,https://byrappasilks.in/shop/banarasi_saree_with_ready_blouse_pink_qs273096_1763541062,207,000207.webp,True
Soft Organza White Saree QS269985,QS269985,-4,6995,6390,https://byrappasilk.in/storage/uploads/hCot9YE7AXuLap37nfTa64KR5zD0PqXPtwrA2fQU.webp,https://byrappasilks.in/shop/soft_organza_white_saree_qs269985_1763546302,208,000208.webp,True
Kota Cotton Saree beige With Aplic Work QS267078,QS267078,0,2895,2645,https://byrappasilk.in/storage/uploads/ATmDpUkxBmS1Pk2Ezpe5YfYNsBvKthizwTl78p4t.webp,https://byrappasilks.in/shop/kota_cotton_saree_beige_with_aplic_work_qs267078_1763555107,209,000209.webp,True
Organza Tissue Saree - QS257887,QS257887,0,3995,3650,https://byrappasilk.in/storage/uploads/2XIpGuKHiGhydwwlmZlMdYWUagFVv3mAhpPA8nnG.webp,https://byrappasilks.in/shop/organza_tissue_saree_qs257887_1763792411,210,000210.webp,True
Semi Linen Handloom Beige & Teal Border QS272039,QS272039,0,1895,1730,https://byrappasilk.in/storage/uploads/pardSZ7WKcNxrPrDU8qMNu1KTxa1jn2JJA7kpMJ4.webp,https://byrappasilks.in/shop/semi_linen_handloom_beige_teal_border_qs272039_1763977997,211,000211.webp,True
Semi Linen Handloom Beige & Brown Border QS272039,QS272039,0,1895,1730,https://byrappasilk.in/storage/uploads/5I5j9hyIjWwQmDdeZsODwF56XksbcCWXR862wr0M.webp,https://byrappasilks.in/shop/semi_linen_handloom_beige_brown_border_qs272039_1763978217,212,000212.webp,True
Semi Linen Handloom Beige & Gold Border QS272039,QS272039,0,1895,1730,https://byrappasilk.in/storage/uploads/d97QIWSmB2qRGMVlknDyvBePZFmK5qqoAf1tl5Pl.webp,https://byrappasilks.in/shop/semi_linen_handloom_beige_gold_border_qs272039_1763978379,213,000213.webp,True
Semi Linen Handloom Beige & Maroon Border QS272039,QS272039,0,1895,1730,https://byrappasilk.in/storage/uploads/djOhhBOZjhyru8AzC9vq77x0bNETKe30w7WovrHA.webp,https://byrappasilks.in/shop/semi_linen_handloom_beige_maroon_border_qs272039_1763979176,214,000214.webp,True
Munga Reagal patola Traditional Bird & Floral QS276111,QS276111,0,5995,5480,https://byrappasilk.in/storage/uploads/OPtKn5dJvP5HLKyalGzpyAtMYBpySDvfHsj94swd.webp,https://byrappasilks.in/shop/munga_reagal_patola_traditional_bird_floral_qs276111_1764059833,215,000215.webp,True
Munga Crape Saree Cream Colour - QS275988,QS275988,0,5995,5480,https://byrappasilk.in/storage/uploads/t64rSOCJvI6CVPatfK2As9Jxx2FB5q4AjGC8IeNu.webp,https://byrappasilks.in/shop/munga_crape_saree_cream_colour_qs275988_1764062544,216,000216.webp,True
Semi Tussar Saree Lime Green QS273703,QS273703,0,995,910,https://byrappasilk.in/storage/uploads/Ai2Wlk9bmho7RT70WWDfGqYQKzR67bueVTadXEch.webp,https://byrappasilks.in/shop/semi_tussar_saree_lime_green_qs273703_1764145631,217,000217.webp,True
Semi Tussar Saree Blue QS273703,QS273703,0,995,910,https://byrappasilk.in/storage/uploads/Yqlb643XIhm02QciToyzKsdRUFBljDLBGMC1z0M1.webp,https://byrappasilks.in/shop/semi_tussar_saree_blue_qs273703_1764146012,218,000218.webp,True
Semi Tussar Saree Hot Pink QS273703,QS273703,-2,995,910,https://byrappasilk.in/storage/uploads/0tkgk8p0c4tKsDVr1LAKPV2iNZmxNYyFP65PyEGq.webp,https://byrappasilks.in/shop/semi_tussar_saree_hot_pink_qs273703_1764146327,219,000219.webp,True
Semi Tussar Saree Deep Maroon QS273703,QS273703,0,995,910,https://byrappasilk.in/storage/uploads/eKVWn5tcR5HN7l0i0kn56DUSbW7bb8drWQ1qPIN4.webp,https://byrappasilks.in/shop/semi_tussar_saree_deep_maroon_qs273703_1764146503,220,000220.webp,True
Semi Tussar Saree Fuschia Pink QS273703,QS273703,0,995,910,https://byrappasilk.in/storage/uploads/EROH0L9lWsvTnPgdbD92KhEVC1ymPCfO4EuywCvb.webp,https://byrappasilks.in/shop/semi_tussar_saree_fuschia_pink_qs273703_1764147051,221,000221.webp,True
Semi Tussar Saree Beige QS273703,QS273703,1,995,910,https://byrappasilk.in/storage/uploads/Mhee93lx81HJ7sdTBEPoBMkRrhi05LaFAdAM2ux1.webp,https://byrappasilks.in/shop/semi_tussar_saree_beige_qs273703_1764153559,222,000222.webp,True
Semi Tussar Saree Diagonal Strip Design Beige QS267818,QS267818,0,1595,1460,https://byrappasilk.in/storage/uploads/CMIHC0Da6YalK3fopnaWsLa5NM86xtCVjRJWfAYb.webp,https://byrappasilks.in/shop/semi_tussar_saree_diagonal_strip_design_beige_qs267818_1764170476,223,000223.webp,True
Semi Tussar Saree Diagonal Strip Design Green  QS267818,QS267818,0,1595,1460,https://byrappasilk.in/storage/uploads/L7xSjeQgLT6ti9QgPBTrIfuFz2UyNDjz7KKHzWCs.webp,https://byrappasilks.in/shop/semi_tussar_saree_diagonal_strip_design_green_qs267818_1764170667,224,000224.webp,True
Semi Tussar Saree Diagonal Strip Design Ash Grey  QS267818,QS267818,0,1595,1460,https://byrappasilk.in/storage/uploads/exTXXsz63xpr18x9x0vih1vPt09aduaf2tvxMamq.webp,https://byrappasilks.in/shop/semi_tussar_saree_diagonal_strip_design_ash_grey_qs267818_1764173192,225,000225.webp,True
Semi Tussar Saree Diagonal Strip Design Blue QS267818,QS267818,0,1595,1460,https://byrappasilk.in/storage/uploads/aNteUM2MporpoHj5i2vzrT8YyfxQm0pJMlEnWeZh.webp,https://byrappasilks.in/shop/semi_tussar_saree_diagonal_strip_design_blue_qs267818_1764173278,226,000226.webp,True
Semi Tussar Saree Diagonal Strip Design Dusty Pink QS267818,QS267818,-1,1595,1460,https://byrappasilk.in/storage/uploads/gjhT5JviywHTcJFLNhq4e83v4ldZjwSUjrw0oo7r.webp,https://byrappasilks.in/shop/semi_tussar_saree_diagonal_strip_design_dusty_pink_qs267818_1764173424,227,000227.webp,True
Black saree With Orange Border QS276427,QS276427,0,9995,9130,https://byrappasilk.in/storage/uploads/oHbU50XsgxaOJ7WAcMgCxJPlDvI9WHsLgzhjH2oZ.webp,https://byrappasilks.in/shop/black_saree_with_orange_border_qs276427_1764321841,228,000228.webp,True
Semi Kanjeevaram Saree Pink & Baby Pink Border QW203322,QW203322,0,1795,1499,https://byrappasilk.in/storage/uploads/Cy1dLoe6cvk7VMPkNKGsilRykLDdnZeJRKmVwiej.webp,https://byrappasilks.in/shop/semi_kanjeevaram_saree_pink_baby_pink_border_qw203322_1765895940,229,000229.webp,True
Semi Organza Saree - Black Colour QS225313,QS225313,0,6995,6390,https://byrappasilk.in/storage/uploads/nWHdIgpnOwN6ZYLtBuYcA9WOCvBwio5pLvyCG3Gl.webp,https://byrappasilks.in/shop/semi_organza_saree_black_colour_qs225313_1764341596,230,000230.webp,True
Pure Tussar Saree Dusty Pink With Floral Print QS276337,QS276337,0,13995,12785,https://byrappasilk.in/storage/uploads/fUdpXqymA0YghvSCABaY6Xdon8LdfxQah5U0xnyp.webp,https://byrappasilks.in/shop/pure_tussar_saree_dusty_pink_with_floral_print_qs276337_1764584844,231,000231.webp,True
Pure Tussar Saree Beige With Floral Print QS276340,QS276340,0,13995,12785,https://byrappasilk.in/storage/uploads/DenvTN1hQqdKvr7V3ZyqnrpOSJ5g0qoR6bAlk8Da.webp,https://byrappasilks.in/shop/pure_tussar_saree_beige_with_floral_print_qs276340_1764585864,232,000232.webp,True
Pure Tussar Saree Mauve Brown With Floral Print QS276340,QS276340,0,13995,12785,https://byrappasilk.in/storage/uploads/nefXc65buxgRLKI6TkGF8j9KxB0R6ezQ1jnJSGLW.webp,https://byrappasilks.in/shop/pure_tussar_saree_mauve_brown_with_floral_print_qs276340_1764586884,233,000233.webp,True
Pure Tussar Saree Deep Blue With Lotus Print QS276338,QS276338,0,13995,12785,https://byrappasilk.in/storage/uploads/q7blmTrzMprc7LqUdWc1YWHu91qJeyAD58H6bYyR.webp,https://byrappasilks.in/shop/pure_tussar_saree_deep_blue_with_lotus_print_qs276338_1764598285,234,000234.webp,True
Pure Tussar Saree Yellow With Floral Print QS276338,QS276338,0,13995,12785,https://byrappasilk.in/storage/uploads/bTBkGH4kXXJ5vf4IwWrR8osCuCtVakFBGpM4omty.webp,https://byrappasilks.in/shop/pure_tussar_saree_yellow_with_floral_print_qs276338_1764598449,235,000235.webp,True
Pure Tussar Saree Black With Floral Print QS276329,QS276329,0,13995,12785,https://byrappasilk.in/storage/uploads/cdKNCzVsy9VxVnbCEWqSgOcS0zbAGvoqIZTazfpg.webp,https://byrappasilks.in/shop/pure_tussar_saree_black_with_floral_print_qs276329_1764599020,236,000236.webp,True
Satin Banarasi Saree Royal Blue With Zari Border QS279507,QS279507,0,5495,5020,https://byrappasilk.in/storage/uploads/6sEifh3v3iVdulWjzVB89GLpBqp14qEl4JIIDiIF.webp,https://byrappasilks.in/shop/satin_banarasi_saree_royal_blue_with_zari_border_qs279507_1764696481,237,000237.webp,True
Satin Banarasi Saree Rani Pink With Zari Border QS279509,QS279509,0,5495,5020,https://byrappasilk.in/storage/uploads/sTSt2Kz31QOvBNAYBMe6Ti8mMavdfiB9vui0cK5w.webp,https://byrappasilks.in/shop/satin_banarasi_saree_rani_pink_with_zari_border_qs279509_1764698830,238,000238.webp,True
Satin Banarasi Saree Wine With Zari Border QS279518,QS279518,0,5495,5020,https://byrappasilk.in/storage/uploads/kG7xrDqHhJ3eaLwWnMLQFNgqZPb0RrqgjYi9hjTy.webp,https://byrappasilks.in/shop/satin_banarasi_saree_wine_with_zari_border_qs279518_1764700218,239,000239.webp,True
Satin Banarasi Saree Bottle Green With Zari Border QS279486,QS279486,0,5495,5020,https://byrappasilk.in/storage/uploads/PUhAGKEIdlTf9q3lPLLKs2CFpGKsjjjT8NJz2tNH.webp,https://byrappasilks.in/shop/satin_banarasi_saree_bottle_green_with_zari_border_qs279486_1764701215,240,000240.webp,True
Satin Banarasi Saree Royal Blue With Zari Border QS279507,QS279507,0,5495,5020,https://byrappasilk.in/storage/uploads/yHfRfTncpEpb6TvGpxteWxrFKt08k0ZvZ2YVxE3l.webp,https://byrappasilks.in/shop/satin_banarasi_saree_royal_blue_with_zari_border_qs279507_1764748145_2,241,000241.webp,True
Satin Banarasi Saree Rani Pink With Zari Border QS279516,QS279516,0,5495,5020,https://byrappasilk.in/storage/uploads/hIp5PYUWXXtmtzpJPQr9uPbLPPRZwhabvjRLd1bB.webp,https://byrappasilks.in/shop/satin_banarasi_saree_rani_pink_with_zari_border_qs279516_1764748422,242,000242.webp,True
Satin Banarasi SareeTeal Colour With Zari Border QS279517,QS279517,0,5495,5020,https://byrappasilk.in/storage/uploads/INQka2W2voUZpfvYTBLRzJqGuQKSkOZsKR6qsopV.webp,https://byrappasilks.in/shop/satin_banarasi_sareeteal_colour_with_zari_border_qs279517_1764748847,243,000243.webp,True
Satin Banarasi Saree Bottle Green With Zari Border QS279525,QS279525,0,5495,5020,https://byrappasilk.in/storage/uploads/qpyOFemOy72ufvfc7SfLqCJA0WGWs6EvgBVIoBEH.webp,https://byrappasilks.in/shop/satin_banarasi_saree_bottle_green_with_zari_border_qs279525_1764749202,244,000244.webp,True
Fancy Saree With Polka Dot Black & White QS278259,QS278259,0,7495,6845,https://byrappasilk.in/storage/uploads/9ln3VjgQ2UzVfGzp3jfj3oAp3mUFoXbjqVrXMwGd.webp,https://byrappasilks.in/shop/fancy_saree_with_polka_dot_black_white_qs278259_1764756102,245,000245.webp,True
Pure Tussar Saree Grey Floral With Orange Border QS276305,QS276305,0,6995,6390,https://byrappasilk.in/storage/uploads/fKXkoEE1MuV9lkGQaRE2TYODgu8JO0e01bUG5AF9.webp,https://byrappasilks.in/shop/pure_tussar_saree_grey_floral_with_orange_border_qs276305_1764757586,246,000246.webp,True
Pure Tussar Saree Yellow Floral With Pink BorderQS276306,QS276306,0,6995,6390,https://byrappasilk.in/storage/uploads/MjUGc7M9jKKBTRC0oOnpisDmmFMIpbDT44TEJRab.webp,https://byrappasilks.in/shop/pure_tussar_saree_yellow_floral_with_pink_borderqs276306_1764757610,247,000247.webp,True
Pure Tussar Saree Pink Floral With Yellow BorderQS276305,QS276305,0,6995,6390,https://byrappasilk.in/storage/uploads/DR2XlGVvbCZLROWPMr0JHz0vB2hw9DGMb2pLVu1O.webp,https://byrappasilks.in/shop/pure_tussar_saree_pink_floral_with_yellow_borderqs276305_1764757598,248,000248.webp,True
Satin Banarasi Saree Royal Blue With Zari Border  QS279486,QS279486,0,5495,5020,https://byrappasilk.in/storage/uploads/5Vuip33R3SG7SwQ9V59wwf04Q85DIE061NZCyHwr.webp,https://byrappasilks.in/shop/satin_banarasi_saree_royal_blue_with_zari_border_qs279486_1764760305,249,000249.webp,True
Satin Banarasi Saree Bottle Green With Zari Border QS279486,QS279486,0,5495,5020,https://byrappasilk.in/storage/uploads/6Os85rHxbJ2rf2ohwZPVHspfk3rbZSdfLFEkMIbL.webp,https://byrappasilks.in/shop/satin_banarasi_saree_bottle_green_with_zari_border_qs279486_1764761182_2,250,000250.webp,True
Satin Banarasi Saree Black With Zari Border QS279484,QS279484,0,5495,5020,https://byrappasilk.in/storage/uploads/o4mbjlp0PF9vhstedSdxCkXGP0T5uP869IupFTqO.webp,https://byrappasilks.in/shop/satin_banarasi_saree_black_with_zari_border_qs279484_1764761482,251,000251.webp,True
Satin Banarasi Saree Royal Blue With Zari Border QS279512,QS279512,0,5495,5020,https://byrappasilk.in/storage/uploads/n7mx8kyziUpLvJZjQWtJ6YL89ms747me8onsWmU2.webp,https://byrappasilks.in/shop/satin_banarasi_saree_royal_blue_with_zari_border_qs279512_1764763326,252,000252.webp,True
Satin Banarasi Saree Rani Pink With Zari Border QS279511,QS279511,0,5495,5020,https://byrappasilk.in/storage/uploads/j1CboIpNaEt8hRyOciwTi3HYT5Mx6bxcrFf2Ijph.webp,https://byrappasilks.in/shop/satin_banarasi_saree_rani_pink_with_zari_border_qs279511_1764763456,253,000253.webp,True
Satin Banarasi Saree Black With Zari Border QS259510,QS259510,5,5495,5020,https://byrappasilk.in/storage/uploads/oSgVihf0kLbGG2R3QDpSvSsvctVbr6AmtsPjLcb6.webp,https://byrappasilks.in/shop/satin_banarasi_saree_black_with_zari_border_qs259510_1764771259,254,000254.webp,True
Pure Tussar Saree With Meenakari Work Bottel Green Colour QS279699,QS279699,0,11665,10655,https://byrappasilk.in/storage/uploads/o9RMJRJYf2cMcMoNxcN4SdiiA6mu7Rnlw462yc9y.webp,https://byrappasilks.in/shop/pure_tussar_saree_with_meenakari_work_bottel_green_colour_qs279699_1764927800,255,000255.webp,True
Pure Tussar Saree With Meenakari Work Purple Colour QS279697,QS279697,0,11665,10655,https://byrappasilk.in/storage/uploads/TYAobQXH9fTvQ6kCgW9ES7Kt1SZWgzPafGLuZ8Hm.webp,https://byrappasilks.in/shop/pure_tussar_saree_with_meenakari_work_purple_colour_qs279697_1764928078,256,000256.webp,True
Pure Tussar Saree With Meenakari Work Black Colour QS279691,QS279691,0,11665,10655,https://byrappasilk.in/storage/uploads/fYK6mTlrutVyiXms4oA93pgCgZNH5kiqUkfbHNW0.webp,https://byrappasilks.in/shop/pure_tussar_saree_with_meenakari_work_black_colour_qs279691_1764928300,257,000257.webp,True
Pure Tussar Saree With Meenakari Work Deep Purple Colour QS279695,QS279695,0,11665,10655,https://byrappasilk.in/storage/uploads/vux05wvZQjIj5nztQimxgVbk8zVM6APLPjcoMlzq.webp,https://byrappasilks.in/shop/pure_tussar_saree_with_meenakari_work_deep_purple_colour_qs279695_1764935991,258,000258.webp,True
Pure Tussar Saree With Meenakari Work Black Colour QS279693,QS279693,0,11665,10655,https://byrappasilk.in/storage/uploads/1mhUNZF1mRSNvVNWXojqvqdtRYqHVmOmrmzNwypA.webp,https://byrappasilks.in/shop/pure_tussar_saree_with_meenakari_work_black_colour_qs279693_1764936311,259,000259.webp,True
Raw Silk with Cut Work White Saree QS280181,QS280181,0,5495,5020,https://byrappasilk.in/storage/uploads/TslZFTG3FI9gJQ7weXAirvj8jwDBKe5bJ1JiCEPL.webp,https://byrappasilks.in/shop/raw_silk_with_cut_work_white_saree_qs280181_1764946984,260,000260.webp,True
Raw Silk with Cut Work Black Saree QS280192,QS280192,0,5495,5020,https://byrappasilk.in/storage/uploads/rW7EwgZVrprWiv5YQgyQU8GUC0JNbdzOkYam9yVi.webp,https://byrappasilks.in/shop/raw_silk_with_cut_work_black_saree_qs280192_1764947076,261,000261.webp,True
Pure Satin Banarasi Royal Blue & Black Striped Saree QS279682,QS279682,0,19995,18265,https://byrappasilk.in/storage/uploads/WupM8AFxnfTothXrgfxSRFKFU52bgTNVws9UmkDw.webp,https://byrappasilks.in/shop/pure_satin_banarasi_royal_blue_black_striped_saree_qs279682_1765223106,262,000262.webp,True
Pure Satin Banarasi Regal Purple & Black Striped Saree QS279681,QS279681,0,19995,18265,https://byrappasilk.in/storage/uploads/qKmlY44LF7pKzcUiUFtC30knTFxOGY0CcIvW8uTr.webp,https://byrappasilks.in/shop/pure_satin_banarasi_regal_purple_black_striped_saree_qs279681_1765223232,263,000263.webp,True
Pure Organza Pink Aplic Work Saree QS280429,QS280429,1,9665,8830,https://byrappasilk.in/storage/uploads/VgQschzZkImUEnZsdyJ9qxMfBp9Hm6xL5iLEf0Jn.webp,https://byrappasilks.in/shop/pure_organza_pink_aplic_work_saree_qs280429_1765278158,264,000264.webp,True
Pure Organza Green  Aplic Work Saree. QS280443,QS280443,1,9665,8830,https://byrappasilk.in/storage/uploads/LVQMonEUekL57frOELbtyZhKOwWsN05wbS8VESPa.webp,https://byrappasilks.in/shop/pure_organza_green_aplic_work_saree_qs280443_1765278436,265,000265.webp,True
KADIYAL MIX SEMI SILK  Lavender and Orange QW203833,QW203833,0,1695,1550,https://byrappasilk.in/storage/uploads/ar9022dJPhepMRFbqctcTOdsTht4zRY8YaM3Mq9m.webp,https://byrappasilks.in/shop/kadiyal_mix_semi_silk_lavender_and_orange_qw203833_1765461639,266,000266.webp,True
KADIYAL MIX SEMI SILK Green and Pink QW203831,QW203831,0,1695,1550,https://byrappasilk.in/storage/uploads/lP5BOgNsr9r42HIowVhJAuIFUy6iFPIfhp4fk517.webp,https://byrappasilks.in/shop/kadiyal_mix_semi_silk_green_and_pink_qw203831_1765461661,267,000267.webp,True
KADIYAL MIX SEMI SILK  Brown and Pink QW203834,QW203834,0,1695,1550,https://byrappasilk.in/storage/uploads/hjgkqIcvufL2yzWB6UrGXqw65hcZE3ljhnDQmdLL.webp,https://byrappasilks.in/shop/kadiyal_mix_semi_silk_brown_and_pink_qw203834_1765461553,268,000268.webp,True
KADIYAL MIX SEMI SILK Black and Pink QW203832,QW203832,0,1695,1550,https://byrappasilk.in/storage/uploads/OXiSX8wrtAOe8ZBOCPrOEqq1AXmHyjFnw3nOYlmR.webp,https://byrappasilks.in/shop/kadiyal_mix_semi_silk_black_and_pink_qw203832_1765461522,269,000269.webp,True
KADIYAL MIX SEMI SILK  Brown and Mustard QW203830,QW203830,-2,1695,1550,https://byrappasilk.in/storage/uploads/ZhEOqUAbK9Wl8doy3lZDtaNj1aUgWUFVefaXyPk1.webp,https://byrappasilks.in/shop/kadiyal_mix_semi_silk_brown_and_mustard_qw203830_1765461489,270,000270.webp,True
KADIYAL MIX SEMI SILK  Rust Orange and Maroon QW203835,QW203835,0,1695,1550,https://byrappasilk.in/storage/uploads/NdPgmZGIKt6D8EaFxlMk8Q3sDvihILywYTO16UHm.webp,https://byrappasilks.in/shop/kadiyal_mix_semi_silk_rust_orange_and_maroon_qw203835_1765461450,271,000271.webp,True
KADIYAL MIX SEMI SILK  White and Wine QW203836,QW203836,-2,1695,1550,https://byrappasilk.in/storage/uploads/8xDejexmsJoljoxuO3qk8nU68OIrZW10mftGEdO2.webp,https://byrappasilks.in/shop/kadiyal_mix_semi_silk_white_and_wine_qw203836_1765461683,272,000272.webp,True
Banarasi Satin Saree Pink with All-Over Geometric Zari QS267961,QS267961,0,7900,4150,https://byrappasilk.in/storage/uploads/La19HFPVkPVd0GhfUn3CL53PLUsOvWxM2CQJp4fX.webp,https://byrappasilks.in/shop/banarasi_satin_saree_pink_with_all_over_geometric_zari_qs267961_1765438996,273,000273.webp,True
Banarasi Satin Saree Mint Green with All-Over Geometric Zari QS248942,QS248942,0,7900,4150,https://byrappasilk.in/storage/uploads/TcbstQhG3mutUYSweRYcwbNfUC704W7oSQpXGIBB.webp,https://byrappasilks.in/shop/banarasi_satin_saree_mint_green_with_all_over_geometric_zari_qs248942_1765439247,274,000274.webp,True
Semi Kanjeevaram Saree Redish Orange & pink Border QW203322,QW203322,0,1795,1500,https://byrappasilk.in/storage/uploads/4D1imDr3pTCSiXCg7GbHnItFirGFz0HniTfJnr6t.webp,https://byrappasilks.in/shop/semi_kanjeevaram_saree_redish_orange_pink_border_qw203322_1765606959,275,000275.webp,True
Banarasi saree With Gold Zari Maroon Colour QS281932,QS281932,0,4695,4290,https://byrappasilk.in/storage/uploads/zoyy0s24DG9WSIA0DwKXx8dwPT4RbFRqRFkLp299.webp,https://byrappasilks.in/shop/banarasi_saree_with_gold_zari_maroon_colour_qs281932_1765947116,276,000276.webp,True
Pure Handloom Banaras Saree Black QS279684,QS279684,0,19995,18265,https://byrappasilk.in/storage/uploads/K25HJxAUCvlQoBPO7n3kgq86L9QVB4AhnjCsHtW1.webp,https://byrappasilks.in/shop/pure_handloom_banaras_saree_black_qs279684_1765954471,277,000277.webp,True
Pure Handloom Banaras Saree Black QS279683,QS279683,1,19995,18265,https://byrappasilk.in/storage/uploads/pKUYzSgdoAw93LS8uRo0cUc5WQDrCySpi3HP1wMA.webp,https://byrappasilks.in/shop/pure_handloom_banaras_saree_black_qs279683_1765954562,278,000278.webp,True
Pure Kathan Banaras Black Saree QS232229,QS232229,1,31995,29230,https://byrappasilk.in/storage/uploads/jQ05uZJ6ElkYiufctpfQPQKNlrkcnfmyE6pnxzYk.webp,https://byrappasilks.in/shop/pure_kathan_banaras_black_saree_qs232229_1765955557,279,000279.webp,True
Organza Saree White - Colour QS279573,QS279573,1,2895,2645,https://byrappasilk.in/storage/uploads/qA6qjzbcQAajl5KOLrg074Jge9LsiRGlwVM70ieu.webp,https://byrappasilks.in/shop/organza_saree_white_colour_qs279573_1765981119,280,000280.webp,True
Pure Kathan Banaras Black Saree QS279688,QS279688,0,52995,48410,https://byrappasilk.in/storage/uploads/Q7FfUiiORVWyb13UoAieaYNIlLTpCpfMv90lJb3f.webp,https://byrappasilks.in/shop/pure_kathan_banaras_black_saree_qs279688_1766040354,281,000281.webp,True
Pure Kathan Banaras Black Saree QS279687,QS279687,1,36995,33795,https://byrappasilk.in/storage/uploads/SkS0gj35TtTelnT9P1bMrPS5v9qDlb7upphaqnrl.webp,https://byrappasilks.in/shop/pure_kathan_banaras_black_saree_qs279687_1766040721,282,000282.webp,True
Pure Kathan Banaras Black Saree QS279686,QS279686,1,49995,45670,https://byrappasilk.in/storage/uploads/7V7MAR0ECUsoL7bbXd3fDaMOWVIxKZUn9b4tm3hw.webp,https://byrappasilks.in/shop/pure_kathan_banaras_black_saree_qs279686_1766040908,283,000283.webp,True
Pure Banaras saree With Gold Zari Floral Work Red Colour QS280547,QS280547,0,5695,5205,https://byrappasilk.in/storage/uploads/lg4v4fomANQwbx5o9uYAdd8mgGq8tTiofhvxiv6i.webp,https://byrappasilks.in/shop/pure_banaras_saree_with_gold_zari_floral_work_red_colour_qs280547_1766051539,284,000284.webp,True
Pure Banaras saree With Gold Zari Floral Work Black Colour QS280545,QS280545,0,5695,5205,https://byrappasilk.in/storage/uploads/R5CTduIPdFmVj1pFok4ZBQibfyMAVDNJ36pKpN8o.webp,https://byrappasilks.in/shop/pure_banaras_saree_with_gold_zari_floral_work_black_colour_qs280545_1766051735,285,000285.webp,True
Pure Banaras saree With Gold Zari Floral Work Pink Colour QS280548,QS280548,0,5695,5205,https://byrappasilk.in/storage/uploads/1wToQbMTvOlpb0JzIFwMj3l7MeQDmBz9ZO28klbW.webp,https://byrappasilks.in/shop/pure_banaras_saree_with_gold_zari_floral_work_pink_colour_qs280548_1766056374,286,000286.webp,True
Pure Banaras saree With Gold Zari Floral Work Olive Green Colour QS280544,QS280544,0,5695,5205,https://byrappasilk.in/storage/uploads/VL6y5EqjQ7dCY8tfkWxPYiMPVU3pCT8Szs9c2xWT.webp,https://byrappasilks.in/shop/pure_banaras_saree_with_gold_zari_floral_work_olive_green_colour_qs280544_1766058044,287,000287.webp,True
Pure Tussar saree With Hand Work Onion Pink QS278727,QS278727,0,19995,18265,https://byrappasilk.in/storage/uploads/G0Sedyv4Ev0w1qMBy1XJyyRqXemKocxrEdivAyt6.webp,https://byrappasilks.in/shop/pure_tussar_saree_with_hand_work_onion_pink_qs278727_1766068207,288,000288.webp,True
Navy Blue Pure Mysore Silk Saree with Golden Checks and Border QS28743,QS28743,0,38995,35622,https://byrappasilk.in/storage/uploads/b4KWODI1PkcGUoJ3Or4NmDUizIA992k9Yunf7R1X.webp,https://byrappasilks.in/shop/navy_blue_pure_mysore_silk_saree_with_golden_checks_and_border_qs28743_1766134050,289,000289.webp,True
Royal Blue Pure Mysore Silk Saree with Golden Checks and Border QS282741,QS282741,0,34995,31967,https://byrappasilk.in/storage/uploads/qORoCvFsfeM9OED8TXT37JzxMGnvRmNl3OZob6Jy.webp,https://byrappasilks.in/shop/royal_blue_pure_mysore_silk_saree_with_golden_checks_and_border_qs282741_1766134645,290,000290.webp,False
Pure Mysore Silk Saree with pink & Contrast Blue Zari Border QS270932,QS270932,0,11665,10655,https://byrappasilk.in/storage/uploads/uG18LSUsB5JmN6ps5rVoenU3tGIQyLZ9LNnPwPmO.webp,https://byrappasilks.in/shop/pure_mysore_silk_saree_with_pink_contrast_blue_zari_border_qs270932_1766168796,291,000291.webp,False
Tissue Saree With Lotus Printed QS282590,QS282590,0,11995,10955,https://byrappasilk.in/storage/uploads/rqAGmUvSBXWaF8qHhCZG0Omwn6TWe4QenvE46Y4y.webp,https://byrappasilks.in/shop/tissue_saree_with_lotus_printed_qs282590_1766309076,292,000292.webp,False
Tissue Saree With Floral & Bird Printed QS282588,QS282588,0,10995,10045,https://byrappasilk.in/storage/uploads/49XTu90mcqdRKBgJwvq0lRh1rXFwx9DsJ5mKzgGz.webp,https://byrappasilks.in/shop/tissue_saree_with_floral_bird_printed_qs282588_1766308804,293,000293.webp,True
Organza saree White QS282374,QS282374,0,2895,2645,https://byrappasilk.in/storage/uploads/jZJZi5ztqYW9WHVrRZKpxPi1BVDJ9tWXzF341bxa.webp,https://byrappasilks.in/shop/organza_saree_white_qs282374_1766239313,294,000294.webp,True
Organza saree Bird Motif Beige Colour QS280213,QS280213,0,3695,3375,https://byrappasilk.in/storage/uploads/pyish2oYNjDzj7gPygMCneC97U0iEakF3jMNMMWw.webp,https://byrappasilks.in/shop/organza_saree_bird_motif_beige_colour_qs280213_1766474485,295,000295.webp,True
Organza saree Bird Motif Mint Green Colour QS280213,QS280213,0,3695,3375,https://byrappasilk.in/storage/uploads/tYJygXBHsBge7An0axVYuaqngaTlTsL3l9ZEvyJF.webp,https://byrappasilks.in/shop/organza_saree_bird_motif_mint_green_colour_qs280213_1766474460,296,000296.webp,True
Organza Saree With Peacock Design QS279559,QS279559,0,2895,2645,https://byrappasilk.in/storage/uploads/ryqMYhL1P2ePX3DkPA1XeeLUDyg5T42f8gU5wZE1.webp,https://byrappasilks.in/shop/organza_saree_with_peacock_design_qs279559_1766558820,297,000297.webp,True
Organza Saree With Peacock Design QS281398,QS281398,0,2895,2645,https://byrappasilk.in/storage/uploads/vmns3YNOjzWy5CCXkevN4J35GeNXiK5O4Uu7uCRk.webp,https://byrappasilks.in/shop/organza_saree_with_peacock_design_qs281398_1766559087,298,000298.webp,True
Banaras Saree Pink & Gold QS283764,QS283764,0,5995,5480,https://byrappasilk.in/storage/uploads/3gv1T05P1uOt14GkB3hUXd8Skk4kLy8A34B0YVBp.webp,https://byrappasilks.in/shop/banaras_saree_pink_gold_qs283764_1766564534,299,000299.webp,True
Banaras Saree Yellow & Gold QS283746,QS283746,0,5995,5480,https://byrappasilk.in/storage/uploads/wKHgMp0sum77UutcnYAWAy8GZFkvqFTvS7DDzgGO.webp,https://byrappasilks.in/shop/banaras_saree_yellow_gold_qs283746_1766564918,300,000300.webp,True
Handloom Pure Silk Sarees QS283097,QS283097,0,10995,10045,https://byrappasilk.in/storage/uploads/2cY8xTL5a5FtesY4sA6S3JEpIGPfZcVoNRQWCcH9.webp,https://byrappasilks.in/shop/handloom_pure_silk_sarees_qs283097_1766569999,301,000301.webp,True
Handloom Pure Silk Saree QS283092,QS283092,0,10995,10045,https://byrappasilk.in/storage/uploads/Tc39sCX681MlPqNq1VHl1l6c6OPw3qJaxlH1yg5u.webp,https://byrappasilks.in/shop/handloom_pure_silk_saree_qs283092_1766570501,302,000302.webp,True
Handloom Pure Silk Sarees QS283099,QS283099,0,10995,10045,https://byrappasilk.in/storage/uploads/MwMqZeeGYl9JqHVv3PPTCQptiZY8bTIHzzsvOmHf.webp,https://byrappasilks.in/shop/handloom_pure_silk_sarees_qs283099_1766570666,303,000303.webp,True
Handloom Pure Silk Saree QS276178,QS276178,0,9995,9130,https://byrappasilk.in/storage/uploads/QuUabpBoZhwhL7xlrfa644INbMYdfRlpWJcmcJOW.webp,https://byrappasilks.in/shop/handloom_pure_silk_saree_qs276178_1766570792,304,000304.webp,True
Pure Mysore Silk Saree Small Zari Checks Pink Colour QS283458,QS283458,0,13665,12480,https://byrappasilk.in/storage/uploads/ibPzqbqL9ZtW9BkWsAgOMT4qnXhV2GV8ziLxl1qm.webp,https://byrappasilks.in/shop/pure_mysore_silk_saree_small_zari_checks_pink_colour_qs283458_1766600802,305,000305.webp,True
Pure Mysore Silk Saree Small Zari Checks Rose Pink Colour QS283452,QS283452,0,13665,12480,https://byrappasilk.in/storage/uploads/mUuX0JsT6mQiGN4molC4IcPmqNj8ZDoe9kshKMyH.webp,https://byrappasilks.in/shop/pure_mysore_silk_saree_small_zari_checks_rose_pink_colour_qs283452_1766600947,306,000306.webp,True
Pure Mysore Silk Saree Small Zari Checks Slate Grey QS283456,QS283456,0,13665,12480,https://byrappasilk.in/storage/uploads/juzwM07WBumj7im6FTleHutCX8GA1RrPFqimsweQ.webp,https://byrappasilks.in/shop/pure_mysore_silk_saree_small_zari_checks_slate_grey_qs283456_1766601165,307,000307.webp,True
Organza saree White Colour QS280172,QS280172,0,2995,2735,https://byrappasilk.in/storage/uploads/0vlTYGyO9Ck9Id5Zp42ZooPUDicDvKH4xlNLXK7J.webp,https://byrappasilks.in/shop/organza_saree_white_colour_qs280172_1766824574,308,000308.webp,True
Pure Mysore Silk Saree Blue & Off-White QS284400,QS284400,0,14995,13697,https://byrappasilk.in/storage/uploads/LEV5hA1Kf0n0mCi40ElG94tYB340qWTwBKf6uCqH.webp,https://byrappasilks.in/shop/pure_mysore_silk_saree_blue_off_white_qs284400_1766991076,309,000309.webp,True
Pure Mysore Silk Saree Yellow & Off-White QS284400,QS284400,0,14995,13697,https://byrappasilk.in/storage/uploads/fNRgMrm95uuHAAJBRNbTtWi8V5lJVyIY1GqiqHfB.webp,https://byrappasilks.in/shop/pure_mysore_silk_saree_yellow_off_white_qs284400_1766991253,310,000310.webp,True
Pure Mysore Silk Saree Green & Off-White QS284400,QS284400,0,14995,13697,https://byrappasilk.in/storage/uploads/REBHdXRuvfKeOcI5dJhEy8z0qb8tvq8k8HL5Z28D.webp,https://byrappasilks.in/shop/pure_mysore_silk_saree_green_off_white_qs284400_1766993379,311,000311.webp,True
Pure Mysore Silk Saree Brown & Off-White QS284400,QS284400,0,14995,13697,https://byrappasilk.in/storage/uploads/dtza5WXh6392hdUEdFtoaHglrwUIIQuEQw5Ec6Ft.webp,https://byrappasilks.in/shop/pure_mysore_silk_saree_brown_off_white_qs284400_1766994354,312,000312.webp,True
Pure Mysore Silk Saree Lime Green & Off-White QS284400,QS284400,-1,14995,13697,https://byrappasilk.in/storage/uploads/GvnF9Y0Ss5yq2JP8Q5yLOqoB9O09wlcmjAFxej5t.webp,https://byrappasilks.in/shop/pure_mysore_silk_saree_lime_green_off_white_qs284400_1766994550,313,000313.webp,True
Pure Mysore Silk Saree Pink & Off-White QS284400,QS284400,0,14995,13697,https://byrappasilk.in/storage/uploads/XvMsBt68mmAlqI0pm9ODWFuNbopuiOlNH6dK0hD2.webp,https://byrappasilks.in/shop/pure_mysore_silk_saree_pink_off_white_qs284400_1766994695,314,000314.webp,True
Semi Kanjeevaram In Rust Orange & Maroon Border QW203322,QW203322,3,1795,1500,https://byrappasilk.in/storage/uploads/8ODntWfCAhVdHXoXhTn3gFKuhFSaCSPfyehlEBRb.webp,https://byrappasilks.in/shop/semi_kanjeevaram_in_rust_orange_maroon_border_qw203322_1767011396,315,000315.webp,True
Banarasi Saree Animal Motifs Cream & Pink Border QS286050,QS286050,1,4995,4560,https://byrappasilk.in/storage/uploads/4BfS9rRMZxIh1WXwEksx5msOCvLYvsv3ROHmJpyM.webp,https://byrappasilks.in/shop/banarasi_saree_animal_motifs_cream_pink_border_qs286050_1767075391,316,000316.webp,True
Pure Organza saree With Banarasi Border QS279600,QS279600,0,14665,13400,https://byrappasilk.in/storage/uploads/3yXpgtmQyuaWTm0Q4nld81hoUT654LuGc46i841D.webp,https://byrappasilks.in/shop/pure_organza_saree_with_banarasi_border_qs279600_1767079558_2,317,000317.webp,True
Pure Organza saree With Banarasi Border QS279600,QS279600,0,14665,13400,https://byrappasilk.in/storage/uploads/tQOlGaWAjLQQBizIZIS5IiJGkZ6mVA0PFQUNT4Jv.webp,https://byrappasilks.in/shop/pure_organza_saree_with_banarasi_border_qs279600_1767079535,318,000318.webp,True
Pure Organza saree With Banarasi Border QS279600,QS279600,0,14665,13400,https://byrappasilk.in/storage/uploads/HJ5WOg6jerX57Aj1EuMDQOnAOeQcfTlbacATysl2.webp,https://byrappasilks.in/shop/pure_organza_saree_with_banarasi_border_qs279600_1767079775_3,319,000319.webp,True
Satin Saree With Parrot Pallu QS284694,QS284694,0,4595,4197,https://byrappasilk.in/storage/uploads/458V1fq9hYXQhh35405MsSEvEw4eGv55oY9CM85v.webp,https://byrappasilks.in/shop/satin_saree_with_parrot_pallu_qs284694_1767080837,320,000320.webp,True
Pure Kathan Banaras Vibrant Multi Colour Striped Saree QS282585,QS282585,0,28995,26480,https://byrappasilk.in/storage/uploads/DSz3nLVkPeSJ54WDTglrjns3l2aekgkrKbO9v53G.webp,https://byrappasilks.in/shop/pure_kathan_banaras_vibrant_multi_colour_striped_saree_qs282585_1767082117,321,000321.webp,True
Tussar saree Thread Work Black Colour QS286265,QS286265,0,3895,3560,https://byrappasilk.in/storage/uploads/Eh5ZOCrZ24zznolV6fT05fwcLHp3gf93GEN3bCWE.webp,https://byrappasilks.in/shop/tussar_saree_thread_work_black_colour_qs286265_1767090485,322,000322.webp,True
Tussar saree Thread Work Cream Colour QS286265,QS286265,0,3895,3560,https://byrappasilk.in/storage/uploads/o5ltHaMYP8NxdcfxidIX3P4qNdLJ23SX0pKNY3bS.webp,https://byrappasilks.in/shop/tussar_saree_thread_work_cream_colour_qs286265_1767090702,323,000323.webp,True
Semi Tussar Saree With Lotus Print Yellow Colour QS286172,QS286172,0,3795,3465,https://byrappasilk.in/storage/uploads/Aq4twDuYkXSQzzfISAZMfARW1RoGMRvo2xr6bcQY.webp,https://byrappasilks.in/shop/semi_tussar_saree_with_lotus_print_yellow_colour_qs286172_1767424927,324,000324.webp,True
Semi Tussar Saree With Lotus Print Mauve Brown Colour  QS286173,QS286173,0,3795,3465,https://byrappasilk.in/storage/uploads/u0vwtjhkkstqdNVI4NzQiPCikcBGG3VjFJZxItsa.webp,https://byrappasilks.in/shop/semi_tussar_saree_with_lotus_print_mauve_brown_colour_qs286173_1767425292,325,000325.webp,True
Semi Tussar Saree With Lotus Print Pink Colour QS286173,QS286173,0,3795,3465,https://byrappasilk.in/storage/uploads/8ysBXUo0Q4G1hMEfrEL6bi2fVAS0mzYk3l6y1CMK.webp,https://byrappasilks.in/shop/semi_tussar_saree_with_lotus_print_pink_colour_qs286173_1767425632,326,000326.webp,True
Semi Tussar Saree With Floral Print Black Colour QS286254,QS286254,0,3595,3285,https://byrappasilk.in/storage/uploads/TIpDagoUIvMOXCwseQvNlJDVL6Wjye2JYWXc9WKY.webp,https://byrappasilks.in/shop/semi_tussar_saree_with_floral_print_black_colour_qs286254_1767426523,327,000327.webp,True
Semi Tussar Saree With Floral Print Cream Colour QS286254,QS286254,0,3595,3285,https://byrappasilk.in/storage/uploads/3tihByQewfGvJaeG3Usv3id9Ay1jT3XoB43vuQo9.webp,https://byrappasilks.in/shop/semi_tussar_saree_with_floral_print_cream_colour_qs286254_1767428416,328,000328.webp,True
Semi Tussar Saree With Floral Print Purple Colour QS286226,QS286226,0,3595,3285,https://byrappasilk.in/storage/uploads/TTuksNGkwEa5mG3KT2N6jCXatCaYb4CVG8HS8FzW.webp,https://byrappasilks.in/shop/semi_tussar_saree_with_floral_print_purple_colour_qs286226_1767429444,329,000329.webp,True
Organza Saree With Floral Print Onion Pink Colour QS286255,QS286255,0,5495,5020,https://byrappasilk.in/storage/uploads/cQ1lHVCfN0aiqMPH171MJqlchym0u8wy0XalB1Sl.webp,https://byrappasilks.in/shop/organza_saree_with_floral_print_onion_pink_colour_qs286255_1767431992,330,000330.webp,True
Bandhani Banaras Saree With Meenakari Work Yellow Colour QS286066,QS286066,0,4995,4560,https://byrappasilk.in/storage/uploads/Qat0qX2fH7z6nUge2dnwMTDKHpLSaNm1kV38hB3f.webp,https://byrappasilks.in/shop/bandhani_banaras_saree_with_meenakari_work_yellow_colour_qs286066_1767616852,331,000331.webp,True
Bandhani Banaras Saree With Meenakari Work Cream Colour QS286066,QS286066,0,4995,4560,https://byrappasilk.in/storage/uploads/AXl3NEqS8H1UhNimxCq1kxEGQXuwJTfDE2GzHmEz.webp,https://byrappasilks.in/shop/bandhani_banaras_saree_with_meenakari_work_cream_colour_qs286066_1767616780,332,000332.webp,True
Tussar Saree Maroon Saree QS286146,QS286146,0,3995,3650,https://byrappasilk.in/storage/uploads/sM3ljTOirCKD3SpfxlgmghcUIcTQ2NPZ29YzSNma.webp,https://byrappasilks.in/shop/tussar_saree_maroon_saree_qs286146_1767712570,333,000333.webp,True
Tussar Saree Green QS286142,QS286142,0,3995,3650,https://byrappasilk.in/storage/uploads/d9fB2xdnqtNNdSWRnSroorIreWO240skYBJWXt0F.webp,https://byrappasilks.in/shop/tussar_saree_green_qs286142_1767712560,334,000334.webp,True
Tussar Saree Wine QS286148,QS286148,0,3995,3650,https://byrappasilk.in/storage/uploads/8WE4Havn8ZE8lod6OdG7ag87hjuRvsDz0Luzm9E4.webp,https://byrappasilks.in/shop/tussar_saree_wine_qs286148_1767712552,335,000335.webp,True
Tussar Saree Red QS286138,QS286138,0,3995,3650,https://byrappasilk.in/storage/uploads/NIQ86SCWNovlKFZ26ICxln9FjLUG4RahBUG0kZuK.webp,https://byrappasilks.in/shop/tussar_saree_red_qs286138_1767712541,336,000336.webp,True
Tussar Saree Teal QS286139,QS286139,0,3995,3650,https://byrappasilk.in/storage/uploads/fTy33nr8is8L6owOD24Ms1Qq6lZJ1sEps8spbAAj.webp,https://byrappasilks.in/shop/tussar_saree_teal_qs286139_1767712532,337,000337.webp,True
Tussar Saree Mustard QS286135,QS286135,0,3995,3650,https://byrappasilk.in/storage/uploads/upKm2OhaRTIW5rMgzmPrxlOYFR149NoGa91iYjMG.webp,https://byrappasilks.in/shop/tussar_saree_mustard_qs286135_1767712519,338,000338.webp,True
Habutai Saree Black QS286499,QS286499,0,3495,3192,https://byrappasilk.in/storage/uploads/F0QMaE4D25mGkaHS6NZX0TvcSM0LHsuL2YgYL0hU.webp,https://byrappasilks.in/shop/habutai_saree_black_qs286499_1767712460,339,000339.webp,True
Habutai Saree Blue QS286489,QS286489,0,3495,3192,https://byrappasilk.in/storage/uploads/DvjcNYjsCU13RhsASc1SDFVPmyzR3C01CnAp0Mjg.webp,https://byrappasilks.in/shop/habutai_saree_blue_qs286489_1767712453,340,000340.webp,True
Habutai Saree Reddish Pink QS286477,QS286477,0,3495,3192,https://byrappasilk.in/storage/uploads/VvtmdtwGbbLt3ckRxbINt25pOiD0qwiwbArBl9Uz.webp,https://byrappasilks.in/shop/habutai_saree_reddish_pink_qs286477_1767712429,341,000341.webp,True
Habutai Saree Maroon QS286495,QS286495,0,3495,3192,https://byrappasilk.in/storage/uploads/E2Pkv6at3raOuCBn4HC2M9CazSCVPhbkoyBWQWd8.webp,https://byrappasilks.in/shop/habutai_saree_maroon_qs286495_1767712419,342,000342.webp,True
Habutai Saree Green QS286498,QS286498,0,3495,3192,https://byrappasilk.in/storage/uploads/XVe42gXxyueia9o3msX2pZWgy7jsQBAoa0VLYN3v.webp,https://byrappasilks.in/shop/habutai_saree_green_qs286498_1767712410,343,000343.webp,True
Habutai Saree Orange QS286486,QS286486,0,3495,3192,https://byrappasilk.in/storage/uploads/Rk0Szbdcr0wep3XSdBGTuvM2mIt0PyYf14yUUlb3.webp,https://byrappasilks.in/shop/habutai_saree_orange_qs286486_1767712396,344,000344.webp,True
Habutai Saree Parrot Green QS286477,QS286477,0,3495,3192,https://byrappasilk.in/storage/uploads/eHCVslgx61rb3Mr80gBRMPPODaBWijuPVEJCVltH.webp,https://byrappasilks.in/shop/habutai_saree_parrot_green_qs286477_1767712383,345,000345.webp,True
Satin Saree With Black & White Stripes with Pink Flower Print QS286634,QS286634,2,1795,1640,https://byrappasilk.in/storage/uploads/uYdRqJGhXqNW2joRx5zHVxNsPFhHozeX0ozaPMfp.webp,https://byrappasilks.in/shop/satin_saree_with_black_white_stripes_with_pink_flower_print_qs286634,346,000346.webp,True
White with Circle Print QS286689,QS286689,2,2395,2190,https://byrappasilk.in/storage/uploads/q0qEIejh2ZMbtMVftp2qM7o5SkxHhhlNRrMIPLHk.webp,https://byrappasilks.in/shop/white_with_circle_print_qs286689_1767627645,347,000347.webp,True
Shimmer saree Off White QS284767,QS284767,0,3695,3375,https://byrappasilk.in/storage/uploads/CHI58NOWHLZ6eqWBRRsKwzq3L3IagNUriBkkxFiN.webp,https://byrappasilks.in/shop/shimmer_saree_off_white_qs284767_1767850742,348,000348.webp,True
Semi Tussar Saree Embroidery Work Black Colour QS286124,QS286124,0,3995,3650,https://byrappasilk.in/storage/uploads/xImzWTqLHqqSBa7ZNAmjiMRMwXWbMzxLVs3FVDZw.webp,https://byrappasilks.in/shop/semi_tussar_saree_embroidery_work_black_colour_qs286124_1767854276,349,000349.webp,True
Semi Tussar Saree Embroidery Work Ivory Colour QS286124,QS286124,0,3995,3650,https://byrappasilk.in/storage/uploads/4ajHDWbsb1HUNipeWW5WYZuOwuyjHKa4x47MD0Mm.webp,https://byrappasilks.in/shop/semi_tussar_saree_embroidery_work_ivory_colour_qs286124_1767854495,350,000350.webp,True
Chiffon Saree Black Colour QS288746,QS288746,0,4995,4565,https://byrappasilk.in/storage/uploads/hjINgySv7EMltOtal3mppjgK227hvdoE49tHq0oQ.webp,https://byrappasilks.in/shop/chiffon_saree_black_colour_qs288746_1767863140,351,000351.webp,True
Ajrakh Printed Fancy Saree QS215500,QS215500,0,1195,899,https://byrappasilk.in/storage/uploads/r4YmmgB3edhgiyUuX9o9CZhal7394X9y2BUpI44u.webp,https://byrappasilks.in/shop/ajrakh_printed_fancy_saree_qs215500_1767869472,352,000352.webp,True
Ajrakh Printed Fancy Saree QS215500,QS215500,0,1195,899,https://byrappasilk.in/storage/uploads/VlPTiLVKvouMVracMtqNBprb8wWSrO5CJnT6IvL6.webp,https://byrappasilks.in/shop/ajrakh_printed_fancy_saree_qs215500_1767869601_2,353,000353.webp,True
Ajrakh Printed Fancy Saree QS215500,QS215500,0,1195,899,https://byrappasilk.in/storage/uploads/QLy2HndxVHGP6puI9ahSZgQweQRB50EoAx77auOg.webp,https://byrappasilks.in/shop/ajrakh_printed_fancy_saree_qs215500_1767869714_3,354,000354.webp,True
Mysore Silk With Jhumka Saree QS289638,QS289638,1,13995,12785,https://byrappasilk.in/storage/uploads/WzK0Hx6pFpNXnOoZrQrgCqjDZcxJ4eia2u9yXEwe.webp,https://byrappasilks.in/shop/mysore_silk_with_jhumka_saree_qs289638_1767890308,355,000355.webp,True
Semi Tussar Saree with Contrast Woven Check Maroon QS268002,QS268002,2,2495,2280,https://byrappasilk.in/storage/products/featured/featured_6a6871735c40c.webp,https://byrappasilks.in/shop/semi_tussar_saree_with_contrast_woven_check_maroon_qs268002_1767944945,356,000356.webp,True
Semi Tussar Saree with Contrast Woven Check Olive Green QS268002,QS268002,1,2495,2280,https://byrappasilk.in/storage/products/featured/featured_6a68713c1e491.webp,https://byrappasilks.in/shop/semi_tussar_saree_with_contrast_woven_check_olive_green_qs268002_1767945167,357,000357.webp,True
Semi Tussar Saree with Contrast Woven Check  Magenta QS268002,QS268002,1,2495,2280,https://byrappasilk.in/storage/products/featured/featured_6a68710ec2937.webp,https://byrappasilks.in/shop/semi_tussar_saree_with_contrast_woven_check_magenta_qs268002,358,000358.webp,True
Semi Tussar Saree with Contrast Woven Check Metallic Golden QS268002,QS268002,0,2495,2280,https://byrappasilk.in/storage/products/featured/featured_6a686f9b54d55.webp,https://byrappasilks.in/shop/semi_tussar_saree_with_contrast_woven_check_metallic_golden_qs268002,359,000359.webp,True
Stripes Purple Saree with Rising Border QS288187,QS288187,-2,5495,5020,https://byrappasilk.in/storage/uploads/7Cj1qazPHIdeZrBOWfWvjiMvQs7KqQqfu2JP7ey7.webp,https://byrappasilks.in/shop/stripes_purple_saree_with_rising_border_qs288187_1767960442,360,000360.webp,True
Stripes Black Saree with Rising Border QS288188,QS288188,0,5495,5020,https://byrappasilk.in/storage/uploads/UCJk9qffhpEv8ph3UXEDAaMkn1dOZ17IIGxR1HPw.webp,https://byrappasilks.in/shop/stripes_black_saree_with_rising_border_qs288188_1767960624,361,000361.webp,True
Stripes Red Saree with Rising Border QS288189,QS288189,0,5495,5020,https://byrappasilk.in/storage/uploads/u2lQCvzgwVUJ0mAO7IP66ILttdrrCDINVmkYNuLr.webp,https://byrappasilks.in/shop/stripes_red_saree_with_rising_border_qs288189_1767960742,362,000362.webp,True
Tussar Saree With Meenakari Work Grey Saree with Bird Design QS287711,QS287711,0,4995,4562,https://byrappasilk.in/storage/uploads/RM5IIMpfhfVZOKWJjxNiMu1n0L51bCuEwMVK5KS1.webp,https://byrappasilks.in/shop/tussar_saree_with_meenakari_work_grey_saree_with_bird_design_qs287711_1769260830,363,000363.webp,True
Tussar Saree With Meenakari Work Cream Saree with Bird Design QS287706,QS287706,0,4995,4562,https://byrappasilk.in/storage/uploads/5XnZyP2cxf83doJTyQA76r2X4grFWbi66ZNEkEWU.webp,https://byrappasilks.in/shop/tussar_saree_with_meenakari_work_cream_saree_with_bird_design_qs287706_1769260324,364,000364.webp,True
Tussar Saree With Meenakari Work Black Saree with Bird Design QS287712,QS287712,-1,4995,4562,https://byrappasilk.in/storage/uploads/7AZmD1meU45IOhPbKzM7uevf89mWeULi5NfG1uBe.webp,https://byrappasilks.in/shop/tussar_saree_with_meenakari_work_black_saree_with_bird_design_qs287712_1769260187,365,000365.webp,True
Cocktail saree Orange with Sequence & Blouse QW205692,QW205692,0,13995,12784,https://byrappasilk.in/storage/uploads/bBHAKpEj4CFSEGpIyMOFXDa25nB9pjn4wIIS0hbh.webp,https://byrappasilks.in/shop/cocktail_saree_orange_with_sequence_blouse_qw205692_1768258704,366,000366.webp,True
Cocktail saree purple with Sequence & Blouse  QW205693,QW205693,1,12995,11871,https://byrappasilk.in/storage/uploads/1zoPwrYjL2IDkMt7nEhSoTyi0sLazJHUAMowf2Z4.webp,https://byrappasilks.in/shop/cocktail_saree_purple_with_sequence_blouse_qw205693_1768258847,367,000367.webp,True
Pink Saree with Intricate Design QS288533,QS288533,0,5795,5293,https://byrappasilk.in/storage/uploads/fzC9siPxIeLiR7lqNS4VncRA8MdpP33Stp7UKLhT.webp,https://byrappasilks.in/shop/pink_saree_with_intricate_design_qs288533_1767961903,368,000368.webp,True
Floral Design on Beige Saree QS281720,QS281720,1,6995,6390,https://byrappasilk.in/storage/uploads/HlsgjiFN3TQGJgSCrgU2r9LZVJJg015aZEiNFNKE.webp,https://byrappasilks.in/shop/floral_design_on_beige_saree_qs281720_1767962166,369,000369.webp,True
White Saree with Pink Rose Print QS281718,QS281718,0,6995,6390,https://byrappasilk.in/storage/uploads/w1sNSG5pOfyloa0khaz6T1mfSCdWOplcKZG5qrwM.webp,https://byrappasilks.in/shop/white_saree_with_pink_rose_print_qs281718_1767962495,370,000370.webp,True
Linen White with Multiple Colour floral Print QS283954,QS283954,0,8695,7943,https://byrappasilk.in/storage/uploads/SpchcY7oPK4b1MvLZfHaizzZd6VyqOZk70EbzwUQ.webp,https://byrappasilks.in/shop/linen_white_with_multiple_colour_floral_print_qs283954_1767964668,371,000371.webp,True
Linen White with Blue and pink Colour floral Print QS283955,QS283955,0,8695,7943,https://byrappasilk.in/storage/uploads/73zLfGhxmI9b0Mvl2LK12SA3jC5WefL3INvHsijg.webp,https://byrappasilks.in/shop/linen_white_with_blue_and_pink_colour_floral_print_qs283955_1767964802,372,000372.webp,True
Linen White with Red Floral Designs QS283511,QS283511,0,8995,8216,https://byrappasilk.in/storage/uploads/JtAzWqxB9BxoSg2L8OwefhTCL7GWHfTRrziisJOu.webp,https://byrappasilks.in/shop/linen_white_with_red_floral_designs_qs283511_1768637797,373,000373.webp,True
Pure Tussar saree Black with Embroidery  QS278730,QS278730,0,18995,17351,https://byrappasilk.in/storage/uploads/LSa7HBm5K6RiNDaRbV56QuaWHs0SKf3AFbJcd6au.webp,https://byrappasilks.in/shop/pure_tussar_saree_black_with_embroidery_qs278730_1768038695,374,000374.webp,True
Printed Saree with Zari Pallu Purple  QS289811,QS289811,3,3695,3375,https://byrappasilk.in/storage/uploads/7wzkgtFquyWer12B3F815bmqhn3MmdniQfLxerP7.webp,https://byrappasilks.in/shop/printed_saree_with_zari_pallu_purple_qs289811_1768467529,375,000375.webp,True
Printed Saree with Zari Pallu Blue  QS289836,QS289836,-1,3695,3375,https://byrappasilk.in/storage/uploads/xfWnT2XYCkoo7eHksn2fN4787z9anJ0AmBPj1GZx.webp,https://byrappasilks.in/shop/printed_saree_with_zari_pallu_blue_qs289836_1768467557,376,000376.webp,True
Printed Saree with Zari Pallu Mustard QS289822,QS289822,2,3695,3375,https://byrappasilk.in/storage/uploads/Vro6FiSp1wmFbRcYp0gIUzE3lGJ96B6OMesyb5CB.webp,https://byrappasilks.in/shop/printed_saree_with_zari_pallu_mustard_qs289822_1768467489,377,000377.webp,True
Printed Saree with Zari Pallu Orange QS289835,QS289835,1,3695,3375,https://byrappasilk.in/storage/uploads/GPhXqt5zb5TlJ3qi8BxuIZu1BkvuSAzvsVKIfPrX.webp,https://byrappasilks.in/shop/printed_saree_with_zari_pallu_orange_qs289835_1768467467,378,000378.webp,True
Printed Saree with Zari Pallu Black  QS289820,QS289820,1,3695,3375,https://byrappasilk.in/storage/uploads/ETTqWDbksJpjRlkPtzDYvqPohlXJA4ufI4T8ys59.webp,https://byrappasilks.in/shop/printed_saree_with_zari_pallu_black_qs289820_1768467445,379,000379.webp,True
Semi Tussar Saree Grey-Blue QS273703,QS273703,2,995,910,https://byrappasilk.in/storage/uploads/b0dOZAo1hdWY9uYRXb4GkF0F0FHeUKdn0LbQlugz.webp,https://byrappasilks.in/shop/semi_tussar_saree_grey_blue_qs273703_1768115516,380,000380.webp,True
Semi Tussar Saree Blue  Stripes QS273703,QS273703,2,995,910,https://byrappasilk.in/storage/uploads/NhlUJk0nVMYwOlW8H9KAGBCJF6AByvZ2kefSbp3W.webp,https://byrappasilks.in/shop/semi_tussar_saree_blue_stripes_qs273703_1768115675,381,000381.webp,True
Semi Tussar Saree Blue with small Butti QS273703,QS273703,1,995,910,https://byrappasilk.in/storage/uploads/ZC0hBU5NRikUsJmSdhwb6s2lVK0Sb6rOk5aTuuj9.webp,https://byrappasilks.in/shop/semi_tussar_saree_blue_with_small_butti_qs273703_1768117148,382,000382.webp,True
Pochampally Saree Olive Off White & Pink Border QS283982,QS283982,0,12665,11570,https://byrappasilk.in/storage/uploads/oNQExRbRMvtfzENRaJ71c2omcaQbhNW3anjaoVIy.webp,https://byrappasilks.in/shop/pochampally_saree_olive_off_white_pink_border_qs283982_1768232081,383,000383.webp,True
Pochampally Saree Grey  & Maroon Border QS283982,QS283982,1,12665,11570,https://byrappasilk.in/storage/uploads/I1SFjwvaEWfX1eFLg23LuLVxC6kGOnCCVBPU3Z2W.webp,https://byrappasilks.in/shop/pochampally_saree_grey_maroon_border_qs283982_1768232264,384,000384.webp,True
Pochampally Saree pink & Green Border QS283987,QS283987,1,12665,11570,https://byrappasilk.in/storage/uploads/Y4Nv8KIGxVM1iOmLAfMYAFhMO6YMBiCQkTLBEz7c.webp,https://byrappasilks.in/shop/pochampally_saree_pink_green_border_qs283987_1768232916,385,000385.webp,True
Party Wear  Saree Off White QS287813,QS287813,0,4295,3923,https://byrappasilk.in/storage/uploads/xPGOF6kaIQZFzKMCTGw47ct8cZ1990LUeJeq9hbN.webp,https://byrappasilks.in/shop/party_wear_saree_off_white_qs287813_1769276825,386,000386.webp,True
Pure Kanjeevaram silk Saree QS286437,QS286437,0,18995,17350,https://byrappasilk.in/storage/uploads/K1uRRFPjC6oXDaZiyWfl7KQisAU6e9EGOx0qmMzx.webp,https://byrappasilks.in/shop/pure_kanjeevaram_silk_saree_qs286437_1768416434,387,000387.webp,True
Ajrakh Print Sarees off white & Black QS263857,QS263857,-1,995,910,https://byrappasilk.in/storage/uploads/pYyUzZh2lPSpq5ShWdOqU2SaRuDZD6tMD6UR0Elz.webp,https://byrappasilks.in/shop/ajrakh_print_sarees_off_white_black_qs263857_1768462340,388,000388.webp,True
Mysore Silk Pure Crape Black & Cyan QS290723,QS290723,0,14665,13396,https://byrappasilk.in/storage/uploads/0C5Bd2xCLH02VXfUp4eR6OnumKS1ojXUpsEoMvjK.webp,https://byrappasilks.in/shop/mysore_silk_pure_crape_black_cyan_qs290723_1768554367,389,000389.webp,True
Pure Kanjeevaram Saree Beige & Red QS256493,QS256493,0,39995,36535,https://byrappasilk.in/storage/uploads/O8Ew2nY6uG93Mw0Ij2JWygaFK26VV5b76Cmy6cJZ.webp,https://byrappasilks.in/shop/pure_kanjeevaram_saree_beige_red_qs256493_1768632360,390,000390.webp,True
Tussar Saree With Pichwai Design Red QS286907,QS286907,0,4495,4016,https://byrappasilk.in/storage/uploads/XkbWK76aB3ahQixOy28b4bfaDmr8tyAZLchxS9Jq.webp,https://byrappasilks.in/shop/tussar_saree_with_pichwai_design_red_qs286907_1768816593,391,000391.webp,True
Tussar Saree With Pichwai Design Teal Blue QS289745,QS289745,0,4495,4106,https://byrappasilk.in/storage/uploads/WWXEwN92DkBcdUKZX0xyqTfU2veTX09I1fRiqle8.webp,https://byrappasilks.in/shop/tussar_saree_with_pichwai_design_teal_blue_qs289745_1768815923,392,000392.webp,True
Tussar Saree With Pichwai Design Yellow QS289742,QS289742,0,4495,4106,https://byrappasilk.in/storage/uploads/XieyYON1toWFWiCOHnk05OdTnL5OCyg1fphXM6mQ.webp,https://byrappasilks.in/shop/tussar_saree_with_pichwai_design_yellow_qs289742_1768815907,393,000393.webp,True
Tussar Saree With Pichwai Design Black QS289728,QS289728,0,4495,4106,https://byrappasilk.in/storage/uploads/o8zlzYDeEBs2qiHdFUdMb3fHNcxGfAA7yqDTkokj.webp,https://byrappasilks.in/shop/tussar_saree_with_pichwai_design_black_qs289728_1768816212,394,000394.webp,True
Tussar Saree With Pichwai Design Pink QS289745,QS289745,0,4495,4016,https://byrappasilk.in/storage/uploads/1nzjoXjUgm3RPcc83FdBSElyK0sDui0bElpDWPET.webp,https://byrappasilks.in/shop/tussar_saree_with_pichwai_design_pink_qs289745_1768816512,395,000395.webp,True
Tussar Saree With Pichwai Design White QS289726,QS289726,0,4495,4016,https://byrappasilk.in/storage/uploads/g27m7K1zfQcjec1Bk6lb95K3Nq58cjHJJfFNS3lP.webp,https://byrappasilks.in/shop/tussar_saree_with_pichwai_design_white_qs289726_1768816779,396,000396.webp,True
Tussar Saree With Pichwai Design Wine QS289725,QS289725,0,4495,4106,https://byrappasilk.in/storage/uploads/Glyb7ySvTM8684jMvKNA98ceH25SelcTEBL3RhnI.webp,https://byrappasilks.in/shop/tussar_saree_with_pichwai_design_wine_qs289725_1768816905,397,000397.webp,True
Banarasi Saree With Jaal Work Red QS286907,QS286907,1,4695,4288,https://byrappasilk.in/storage/uploads/MxqYN4IYz1GF0JcQWe9CRvq47rdODW6LJCB8qRQJ.webp,https://byrappasilks.in/shop/banarasi_saree_with_jaal_work_red_qs286907_1768822450,398,000398.webp,True
Banarasi Saree With Jaal Work Bottle Green QS286914,QS286914,0,4695,4288,https://byrappasilk.in/storage/uploads/98WeLhbK58Br9VmuNvLQ4Ig45w4TiX5sbYcYW4wI.webp,https://byrappasilks.in/shop/banarasi_saree_with_jaal_work_bottle_green_qs286914_1768822253,399,000399.webp,True
Banarasi Saree With Jaal Work Royal Blue QS286907,QS286907,0,4695,4288,https://byrappasilk.in/storage/uploads/U6EPeXD4fCLQjtuDBulHAvVhiYTHchadVDIqtoWx.webp,https://byrappasilks.in/shop/banarasi_saree_with_jaal_work_royal_blue_qs286907_1768822371,400,000400.webp,True
Banarasi Saree With Jaal Work Pink QS286898,QS286898,1,4695,4288,https://byrappasilk.in/storage/products/featured/featured_6a54c2e3ada3b.webp,https://byrappasilks.in/shop/banarasi_saree_with_jaal_work_pink_qs286898_1768822620,401,000401.webp,True
Banarasi Saree With Jaal Work Black QS286907,QS286907,0,4695,4288,https://byrappasilk.in/storage/uploads/uO64xD2CY2iFihC3YzvbCUyPFzF32EiLcl2Sqkp3.webp,https://byrappasilks.in/shop/banarasi_saree_with_jaal_work_black_qs286907_1768823370,402,000402.webp,True
Semi Tussar saree Cream colour QS283317,QS283317,0,2795,2555,https://byrappasilk.in/storage/uploads/4kleXPl1krfzyBLi2aHlSnM0ZZiKfeHbzXdJWWFd.webp,https://byrappasilks.in/shop/semi_tussar_saree_cream_colour_qs283317_1768892030,403,000403.webp,True
Tissue Brocade Saree Red & Pink Border QS284986,QS284986,0,3995,3650,https://byrappasilk.in/storage/uploads/H8GytDry5w0pKTR6NJmQIQbNKqV22K8RpXAi5bbo.webp,https://byrappasilks.in/shop/tissue_brocade_saree_red_pink_border_qs284986_1768892339,404,000404.webp,True
Semi Tussar saree Cream colour QS283325,QS283325,0,2795,2555,https://byrappasilk.in/storage/uploads/OjZU00dpNdF3MOUsb5IdQapmwWW9R0MA8VrjsEEl.webp,https://byrappasilks.in/shop/semi_tussar_saree_cream_colour_qs283325_1768978451,405,000405.webp,True
Party Wear Saree Stone Border Metalic grey QS287801,QS287801,0,3495,3192,https://byrappasilk.in/storage/uploads/bSuhe0c0yKedcn6Lg2n3FF2TbhoExEcBnffyisbl.webp,https://byrappasilks.in/shop/party_wear_saree_stone_border_metalic_grey_qs287801_1768981756,406,000406.webp,True
Fancy Banarasi Saree Green with Golden Zari QS240544,QS240544,0,2995,2360,https://byrappasilk.in/storage/uploads/Ja3klb6T1RjAQRku9bnys6zoUi7liuxT1KBMsgHE.webp,https://byrappasilks.in/shop/fancy_banarasi_saree_green_with_golden_zari_qs240544_1768983302,407,000407.webp,True
Fancy Banarasi Saree Pink with Golden Zari QS240544,QS240544,0,2995,2360,https://byrappasilk.in/storage/uploads/4iA0J3RrGG0rrLl6oc04Xz981h8kMwEzs3iRQqL2.webp,https://byrappasilks.in/shop/fancy_banarasi_saree_pink_with_golden_zari_qs240544_1768983284,408,000408.webp,True
Fancy Banarasi Saree Magenta with Golden Zari QS240544,QS240544,0,2995,2360,https://byrappasilk.in/storage/uploads/yPUKyh0VRKBY3oD58EBcMEIO1hIff8ZZZbIo0B85.webp,https://byrappasilks.in/shop/fancy_banarasi_saree_magenta_with_golden_zari_qs240544_1768982704,409,000409.webp,True
Netted Saree Heavy Work Party Wear Saree Brown QS288427,QS288427,0,13665,12480,https://byrappasilk.in/storage/uploads/VHYjWhn8JgE6NnhRxAyYYKAMjnEzVbuEaqXtR5l2.webp,https://byrappasilks.in/shop/netted_saree_heavy_work_party_wear_saree_brown_qs288427_1768983248,410,000410.webp,True
Netted Saree Heavy Work Party Wear Saree Orange QS289869,QS289869,0,14995,13697,https://byrappasilk.in/storage/uploads/lwzxKAHmxJJwzXWL84g5mhfvdLY0MtcNKyjFgnvl.webp,https://byrappasilks.in/shop/netted_saree_heavy_work_party_wear_saree_orange_qs289869_1768983593,411,000411.webp,True
Netted Saree Heavy Work Party Wear Saree Red QS288428,QS288428,0,14995,13697,https://byrappasilk.in/storage/uploads/EBfvbVh8f7t1bBMgMrg8WCUTbDvreRn3Ip3zQvPC.webp,https://byrappasilks.in/shop/netted_saree_heavy_work_party_wear_saree_red_qs288428_1768983818,412,000412.webp,True
Netted Saree Heavy Work Party Wear Saree Pink & Maroon QS289868,QS289868,0,14995,13697,https://byrappasilk.in/storage/uploads/eTpuieMCKl0WCVhbQU5kyZRDMjHZ6ATLnACS9WqW.webp,https://byrappasilks.in/shop/netted_saree_heavy_work_party_wear_saree_pink_maroon_qs289868_1768984284,413,000413.webp,True
Fancy Elegant Black & Gold Striped Saree with Contrast Red Border QS289951,QS289951,0,2695,2461,https://byrappasilk.in/storage/uploads/DqaluDgayYPYneXH85CH5kMiKo0xk7s2bz2KPrQJ.webp,https://byrappasilks.in/shop/fancy_elegant_black_gold_striped_saree_with_contrast_red_border_qs289951_1768987163,414,000414.webp,True
White Floral Embroidered Saree QS286205,QS286205,0,3595,3285,https://byrappasilk.in/storage/uploads/M7wOtRJC6sGCVSSby996ytYS3qOwb7FboFxRWXz3.webp,https://byrappasilks.in/shop/white_floral_embroidered_saree_qs286205_1769087011,415,000415.webp,True
Mul Cotton Saree QS291289,QS291289,0,1795,1640,https://byrappasilk.in/storage/uploads/LiIdvKIKhLr0t6zwpkZpuhJhIhGKvdjGxWTLa2lS.webp,https://byrappasilks.in/shop/mul_cotton_saree_qs291289_1769159624,416,000416.webp,True
Mul Cotton Saree QS291273,QS291273,0,1795,1640,https://byrappasilk.in/storage/uploads/FCbCR0lzo3eEZ632cSUCoEEB3LfUxvuaYAzXaHgC.webp,https://byrappasilks.in/shop/mul_cotton_saree_qs291273_1769160068,417,000417.webp,True
Mul Cotton Saree QS291273,QS291273,0,1795,1640,https://byrappasilk.in/storage/uploads/Jk6751xXmn40ekM8jvYvqgP9bwfXy2yzxrlcm8Fu.webp,https://byrappasilks.in/shop/mul_cotton_saree_qs291273_1769160490_2,418,000418.webp,True
Mul Cotton Saree QS291274,QS291274,0,1795,1640,https://byrappasilk.in/storage/uploads/RjAzNTLM0WAtrhfanA40gadE7hNzgkOvNOHQ1t4h.webp,https://byrappasilks.in/shop/mul_cotton_saree_qs291274_1769160760,419,000419.webp,True
Mul Cotton Saree QS291292,QS291292,0,1795,1640,https://byrappasilk.in/storage/uploads/kZGBGrwCvb0MCR4GiO4FGUXXNr5utWuECNL8O8Uq.webp,https://byrappasilks.in/shop/mul_cotton_saree_qs291292_1769161443,420,000420.webp,True
Mul Cotton Saree QS291287,QS291287,0,1795,1640,https://byrappasilk.in/storage/uploads/oUOxblV7NVS0D3MFHyS1WWkn3A88cPPnf1Q7Qrrz.webp,https://byrappasilks.in/shop/mul_cotton_saree_qs291287_1769161636,421,000421.webp,True
Mul Cotton Saree QS291291,QS291291,0,1795,1640,https://byrappasilk.in/storage/uploads/sJGy7KakGcluncEeSEiJUFUvFdcDMC4hqpsJER9N.webp,https://byrappasilks.in/shop/mul_cotton_saree_qs291291_1769161771,422,000422.webp,True
Kalamkari Green Saree with Traditional Mythological Motifs QS249284,QS249284,0,1095,1000,https://byrappasilk.in/storage/uploads/PEgLjzK3E0X3oP0rij6wWpHggfWNpxHBZncm3GIh.webp,https://byrappasilks.in/shop/kalamkari_green_saree_with_traditional_mythological_motifs_qs249284_1769275418,423,000423.webp,True
Kalamkari Orange Saree with Traditional Mythological Motifs QS249284,QS249284,0,1095,1000,https://byrappasilk.in/storage/uploads/BHEzQmLE8CghQHemNUWdxj7L5AYRGmPF5X5yiEix.webp,https://byrappasilks.in/shop/kalamkari_orange_saree_with_traditional_mythological_motifs_qs249284_1769275487,424,000424.webp,True
Soft Silk With Seafoam Green Saree QS292304,QS292304,0,1195,1090,https://byrappasilk.in/storage/uploads/3sjBkNNQHvdmi63tMzmjLVuioyH2qpSFe8v3KjIb.webp,https://byrappasilks.in/shop/soft_silk_with_seafoam_green_saree_qs292304_1769500381,425,000425.webp,True
Soft Silk With Mauve Pink Saree QS292304,QS292304,0,1195,1090,https://byrappasilk.in/storage/uploads/64H7eO2hrcBaotXAee4TipRRepIw7Vib6EDYyxHa.webp,https://byrappasilks.in/shop/soft_silk_with_mauve_pink_saree_qs292304_1769500572,426,000426.webp,True
Soft Silk With Turquoise Blue Saree QS292307,QS292307,-1,1195,1090,https://byrappasilk.in/storage/uploads/623gjYbq72zwTBGPfC07uNOJ46nTqbbOLxOjeQWi.webp,https://byrappasilks.in/shop/soft_silk_with_turquoise_blue_saree_qs292307_1769500784,427,000427.webp,True
Soft Silk With Mauve Pink Saree QS292291,QS292291,0,1195,1090,https://byrappasilk.in/storage/uploads/OIHumexc16iWZ5MxsB6azFnxihNdQB4jvB6HXusy.webp,https://byrappasilks.in/shop/soft_silk_with_mauve_pink_saree_qs292291_1769501126,428,000428.webp,True
Soft Silk With Royal Purple Saree QS292314,QS292314,-4,1195,1090,https://byrappasilk.in/storage/uploads/Qx32wZJUP6rE2dsXGDnHtKtuitdkpOnLO2IFNEzu.webp,https://byrappasilks.in/shop/soft_silk_with_royal_purple_saree_qs292314_1769501432,429,000429.webp,True
Soft Silk With Royal Pink Saree QS292291,QS292291,-4,1195,1090,https://byrappasilk.in/storage/uploads/NbmjJ9HLAVWfjfSQ45P8dr3PkmDQ4ldYJaaocFwp.webp,https://byrappasilks.in/shop/soft_silk_with_royal_pink_saree_qs292291_1769501619,430,000430.webp,True
Soft Silk With Sea Green Saree QS292304,QS292304,0,1195,1090,https://byrappasilk.in/storage/uploads/E0DUUCutcIKRT8UUO8smanaTsd5smEmdRoGY4nJx.webp,https://byrappasilks.in/shop/soft_silk_with_sea_green_saree_qs292304_1769501836,431,000431.webp,True
Soft Silk With Olive Green Saree QS292284,QS292284,0,1195,1090,https://byrappasilk.in/storage/uploads/yCN3ySmfau6zN5xbOf9m7wd4ZAssIjfnpQMoXjLn.webp,https://byrappasilks.in/shop/soft_silk_with_olive_green_saree_qs292284_1769501998,432,000432.webp,True
Organza White Saree QS288754,QS288754,0,2695,2460,https://byrappasilk.in/storage/uploads/jnuTLUO2atzckTQurcb5JLxArXfUtn537Nt3LeWj.webp,https://byrappasilks.in/shop/organza_white_saree_qs288754_1769586663,433,000433.webp,True
Organza Beige Saree QS281414,QS281414,0,5995,5475,https://byrappasilk.in/storage/uploads/sI3wBRnnlFMeaJ4nm1ED4rGvsGliNzenT9alSMut.webp,https://byrappasilks.in/shop/organza_beige_saree_qs281414_1769666268,434,000434.webp,True
Crushed Organza Yellow Saree Floral Bird Design QS292671,QS292671,1,4995,4562,https://byrappasilk.in/storage/uploads/zdxKbnbvmZzflj8iKcWDRyMs5fkVIhSt2ZIta8LJ.webp,https://byrappasilks.in/shop/crushed_organza_yellow_saree_floral_bird_design_qs292671_1769667260,435,000435.webp,True
Crushed Organza Beige Saree Floral Design QS290780,QS290780,1,5995,5475,https://byrappasilk.in/storage/uploads/BkP5tgwcePdkJ5Q5tBEFOJX6HCQbG6snBcGCjwzf.webp,https://byrappasilks.in/shop/crushed_organza_beige_saree_floral_design_qs290780_1769668730,436,000436.webp,True
Crushed Organza Dusty Pink Saree Floral Design QS290778,QS290778,1,5995,5475,https://byrappasilk.in/storage/uploads/JeEOKkwhb7Qk5K2pSZSWxOAVBwygAKUUd4qNhL7h.webp,https://byrappasilks.in/shop/crushed_organza_dusty_pink_saree_floral_design_qs290778_1769669762,437,000437.webp,True
Floral Organza White Forest Leopard Motife Saree Floral Design QS289632,QS289632,1,9995,9130,https://byrappasilk.in/storage/uploads/ZyTnhJBJsGGN9cpRtAcoU52oug9fEbxeLHZy9JhU.webp,https://byrappasilks.in/shop/floral_organza_white_forest_leopard_motife_saree_floral_design_qs289632,438,000438.webp,True
Yellow Saree Zari Checks & Floral Border QS287946,QS287946,0,4295,3923,https://byrappasilk.in/storage/uploads/m26ZFitOphyEP6c8Kip6Jp6DXQ134GOVnQBeK1o3.webp,https://byrappasilks.in/shop/yellow_saree_zari_checks_floral_border_qs287946_1769672777,439,000439.webp,True
Teal Blue Saree Zari Checks & Floral Border QS287929,QS287929,0,4295,3923,https://byrappasilk.in/storage/uploads/85TvNIC8Gwx3bDSjDWUXAEpfxOL57efJBVA7AUfT.webp,https://byrappasilks.in/shop/teal_blue_saree_zari_checks_floral_border_qs287929_1769673059,440,000440.webp,True
Purple Saree Zari Checks & Floral Border QS287946,QS287946,0,4295,3923,https://byrappasilk.in/storage/uploads/StxVN85olxQhHRvpAJrsDLvjLJtcgm1Sdm94PJTm.webp,https://byrappasilks.in/shop/purple_saree_zari_checks_floral_border_qs287946_1769675733,441,000441.webp,True
Pink Saree Zari Checks & Floral Border QS297928,QS297928,1,4295,3923,https://byrappasilk.in/storage/uploads/sPLa6yR6dzlbuKol4nVJMfwEhNg4GxC4agdmL0ZK.webp,https://byrappasilks.in/shop/pink_saree_zari_checks_floral_border_qs297928_1769675945,442,000442.webp,True
Orange Blue Saree Zari Checks & Floral Border QS287941,QS287941,0,4295,3923,https://byrappasilk.in/storage/uploads/t5KJt4S9RluMpxBhGnMj5285SaPDhk9SrHbsXDAR.webp,https://byrappasilks.in/shop/orange_blue_saree_zari_checks_floral_border_qs287941_1769676099,443,000443.webp,True
Red Saree Zari Checks & Floral Border QS287938,QS287938,0,4295,3923,https://byrappasilk.in/storage/uploads/52oP1hClYmEsYt3D6YOEzjJXDZreQqcLl2KG46aw.webp,https://byrappasilks.in/shop/red_saree_zari_checks_floral_border_qs287938_1769676226,444,000444.webp,True
Semi Tussar Saree With Intricate Black Floral Embroidery Border QS294187,QS294187,0,3895,3558,https://byrappasilk.in/storage/uploads/N21fcB5ljKsOWqwmkUHVk5oMEHBuOi0mW5mifUYK.webp,https://byrappasilks.in/shop/semi_tussar_saree_with_intricate_black_floral_embroidery_border_qs294187_1769845531,445,000445.webp,True
Semi Tussar Saree With Intricate White Floral Embroidery Border QS294195,QS294195,0,3895,3558,https://byrappasilk.in/storage/uploads/EZDH2NQY5nJZIegnoikR8OK2IMpKhqd9262Hn0dB.webp,https://byrappasilks.in/shop/semi_tussar_saree_with_intricate_white_floral_embroidery_border_qs294195_1769845397,446,000446.webp,True
Party Wear Saree Beige QS287813,QS287813,0,4295,3924,https://byrappasilk.in/storage/uploads/o71LQ1keyM9tAX35VmqIso2iLeBV4I5OAD9vmweH.webp,https://byrappasilks.in/shop/party_wear_saree_beige_qs287813_1769764989,447,000447.webp,True
Vantara Saree Yellow  - Peach Scenic Nature QS213677,QS213677,-1,6995,6390,https://byrappasilk.in/storage/uploads/F9FA6SeCcIFvmSMClCc6pBlJeZunutCveKDnJmLq.webp,https://byrappasilks.in/shop/vantara_saree_yellow_peach_scenic_nature_qs213677_1769862916,448,000448.webp,True
Organza Saree QS284650,QS284650,3,2595,2370,https://byrappasilk.in/storage/uploads/1nbSHqOfVAxJD66gOFwDQbU4krJGjL7o0haEm2IN.webp,https://byrappasilks.in/shop/organza_saree_qs284650_1769938550,449,000449.webp,True
Organza Saree QS284650,QS284650,3,2595,2370,https://byrappasilk.in/storage/uploads/CrLnWqWc4E7yrULWjX5N7DFBedQUhRWPdatRv9oO.webp,https://byrappasilks.in/shop/organza_saree_qs284650_1769938721_2,450,000450.webp,True
Organza Saree QS284640,QS284640,1,2695,2460,https://byrappasilk.in/storage/uploads/5a36jETaIyqSfg7ka21bPifQhepk62pDMWAQVmWK.webp,https://byrappasilks.in/shop/organza_saree_qs284640_1769965817,451,000451.webp,True
Organza Saree Peach QS284655,QS284655,-4,2695,2460,https://byrappasilk.in/storage/uploads/sEDJDOPdmy8Y2LfOupnLW9JzRHQm2mF5drD7sEjk.webp,https://byrappasilks.in/shop/organza_saree_peach_qs284655_1770015087,452,000452.webp,True
Fancy saree Black With Golden Embroidery Top Border QS285170,QS285170,0,5995,5476,https://byrappasilk.in/storage/uploads/MTpkiDJKuYGGgXBs4cbri9e3XB9tDwxH3Wn09atN.webp,https://byrappasilks.in/shop/fancy_saree_black_with_golden_embroidery_top_border_qs285170_1770188268,453,000453.webp,True
Banarasi Saree Intricate Gold Zari Jaal & Meenakari Accents Mustard Yellow QS293486,QS293486,0,3695,3375,https://byrappasilk.in/storage/uploads/ztVp3ZptE6COhEFjYg8bZ95Ev8lKkKyvAy2z79NZ.webp,https://byrappasilks.in/shop/banarasi_saree_intricate_gold_zari_jaal_meenakari_accents_mustard_yellow_qs293486_1770190736,454,000454.webp,True
Banarasi Saree Intricate Gold Zari Jaal & Meenakari Accents Rust Orange QS293482,QS293482,0,3695,3375,https://byrappasilk.in/storage/uploads/sXDhq9E6Ckuy8OrU8VDIaW3Qu9nwRmr4c7GXcn39.webp,https://byrappasilks.in/shop/banarasi_saree_intricate_gold_zari_jaal_meenakari_accents_rust_orange_qs293482_1770190645,455,000455.webp,True
Banarasi Saree Intricate Gold Zari Jaal & Meenakari Accents Bottel Green QS293483,QS293483,0,3695,3375,https://byrappasilk.in/storage/uploads/LNVo7heAeeYlW40SnDXPTjE6jgECkO2VN4QrsZQo.webp,https://byrappasilks.in/shop/banarasi_saree_intricate_gold_zari_jaal_meenakari_accents_bottel_green_qs293483_1770190913,456,000456.webp,True
Banarasi Saree Intricate Gold Zari Jaal & Meenakari Accents Red QS293486,QS293486,0,3695,3375,https://byrappasilk.in/storage/uploads/GJG8ucWrZ6sHFiZJah1iMq9eQvSnGipJZLPVhHUa.webp,https://byrappasilks.in/shop/banarasi_saree_intricate_gold_zari_jaal_meenakari_accents_red_qs293486_1770191065,457,000457.webp,True
Banarasi Saree Intricate Gold Zari Jaal & Meenakari Accents Baby Pink QS293481,QS293481,0,3695,3375,https://byrappasilk.in/storage/uploads/bPRLIZRl3jhSzI5wugp5dAM0P978zdRXLbfDWwej.webp,https://byrappasilks.in/shop/banarasi_saree_intricate_gold_zari_jaal_meenakari_accents_baby_pink_qs293481_1770191568,458,000458.webp,True
Banarasi Saree Intricate Gold Zari Jaal & Meenakari Accents Purple QS293484,QS293484,0,3695,3375,https://byrappasilk.in/storage/uploads/f0603Fa3IqIQ1qDvlrmR9S6PpxZdv8kSmrKD56zo.webp,https://byrappasilks.in/shop/banarasi_saree_intricate_gold_zari_jaal_meenakari_accents_purple_qs293484_1770193828,459,000459.webp,True
Georgette Saree Orange QS295417,QS295417,0,2895,2645,https://byrappasilk.in/storage/products/featured/featured_6985b0fb377ef.webp,https://byrappasilks.in/shop/georgette_saree_orange_qs295417,460,000460.webp,True
Georgette Saree Olive Green QS295428,QS295428,0,2895,2645,https://byrappasilk.in/storage/products/featured/featured_6985bca577867.webp,https://byrappasilks.in/shop/georgette_saree_olive_green_qs295428,461,000461.webp,True
Georgette Saree Magenta Pink QS295423,QS295423,0,2895,2645,https://byrappasilk.in/storage/products/featured/featured_6985bd7988aed.webp,https://byrappasilks.in/shop/georgette_saree_magenta_pink_qs295423,462,000462.webp,True
Georgette Saree Teal green QS2954016,QS2954016,0,2895,2645,https://byrappasilk.in/storage/products/featured/featured_6985be20989ef.webp,https://byrappasilks.in/shop/georgette_saree_teal_green_qs2954016,463,000463.webp,True
Georgette Saree Brown Green QS295428,QS295428,0,2895,2645,https://byrappasilk.in/storage/products/featured/featured_6985c0aad5d04.webp,https://byrappasilks.in/shop/georgette_saree_brown_green_qs295428,464,000464.webp,True
Maheshwari Cotton saree forest Green QS294632,QS294632,0,5295,4837,https://byrappasilk.in/storage/products/featured/featured_6985c7ef4d1e1.webp,https://byrappasilks.in/shop/maheshwari_cotton_saree_forest_green_qs294632,465,000465.webp,True
Maheshwari Cotton saree Bottle Green QS294632,QS294632,0,5295,4837,https://byrappasilk.in/storage/products/featured/featured_6985c89fc2a67.webp,https://byrappasilks.in/shop/maheshwari_cotton_saree_bottle_green_qs294632,466,000466.webp,True
Maheshwari Cotton saree Mustard Olive QS294637,QS294637,0,5295,4837,https://byrappasilk.in/storage/products/featured/featured_6985c9908fc00.webp,https://byrappasilks.in/shop/maheshwari_cotton_saree_mustard_olive_qs294637,467,000467.webp,True
Maheshwari Cotton saree Brown QS294632,QS294632,0,5295,4837,https://byrappasilk.in/storage/products/featured/featured_6986ee80ae124.webp,https://byrappasilks.in/shop/maheshwari_cotton_saree_brown_qs294632,468,000468.webp,True
Maheshwari Cotton saree Blue QS294632,QS294632,0,5295,4837,https://byrappasilk.in/storage/products/featured/featured_6986ef095b9fd.webp,https://byrappasilks.in/shop/maheshwari_cotton_saree_blue_qs294632,469,000469.webp,True
Semi Khaddhi Georgette Saree Yellow QS295465,QS295465,-1,2895,2645,https://byrappasilk.in/storage/products/featured/featured_6987010f91ab0.webp,https://byrappasilks.in/shop/semi_khaddhi_georgette_saree_yellow_qs295465,470,000470.webp,True
Semi Khaddhi Georgette Saree Olive Green QS295468,QS295468,0,2895,2645,https://byrappasilk.in/storage/products/featured/featured_6987019ccc925.webp,https://byrappasilks.in/shop/semi_khaddhi_georgette_saree_olive_green_qs295468,471,000471.webp,True
Semi Khaddhi Georgette Saree Redish Orange QS295450,QS295450,-2,2895,2645,https://byrappasilk.in/storage/products/featured/featured_69870289c7473.webp,https://byrappasilks.in/shop/semi_khaddhi_georgette_saree_redish_orange_qs295450,472,000472.webp,True
Semi Khaddhi Georgette Saree Mustard Yellow QS295451,QS295451,0,2895,2645,https://byrappasilk.in/storage/products/featured/featured_698705870ebc7.webp,https://byrappasilks.in/shop/semi_khaddhi_georgette_saree_mustard_yellow_qs295451,473,000473.webp,True
Semi Khaddhi Georgette Saree Pink QS295455,QS295455,0,2895,2645,https://byrappasilk.in/storage/products/featured/featured_69870664d021c.webp,https://byrappasilks.in/shop/semi_khaddhi_georgette_saree_pink_qs295455,474,000474.webp,True
Semi Khaddhi Georgette Saree Maroon QS295466,QS295466,0,2895,2645,https://byrappasilk.in/storage/products/featured/featured_69870b99a124f.webp,https://byrappasilks.in/shop/semi_khaddhi_georgette_saree_maroon_qs295466,475,000475.webp,True
Maheshwari Cotton saree With Checks Black QS294631,QS294631,0,5295,4837,https://byrappasilk.in/storage/products/featured/featured_698711f9e08ec.webp,https://byrappasilks.in/shop/maheshwari_cotton_saree_with_checks_black_qs294631,476,000476.webp,True
Maheshwari Cotton Saree With Checks Green QS294630,QS294630,0,5295,4837,https://byrappasilk.in/storage/products/featured/featured_69871313465c6.webp,https://byrappasilks.in/shop/maheshwari_cotton_saree_with_checks_green_qs294630,477,000477.webp,True
Semi Khaddhi Georgette Saree Pink QS295367,QS295367,0,2895,2645,https://byrappasilk.in/storage/products/featured/featured_69872f6f8a7b7.webp,https://byrappasilks.in/shop/semi_khaddhi_georgette_saree_pink_qs295367,478,000478.webp,True
Semi Khaddhi Georgette Saree Purple QS295360,QS295360,0,2895,2645,https://byrappasilk.in/storage/products/featured/featured_6987394c6b0af.webp,https://byrappasilks.in/shop/semi_khaddhi_georgette_saree_purple_qs295360,479,000479.webp,True
Semi Khaddhi Georgette Saree Dark Grey QS295357,QS295357,-1,2895,2645,https://byrappasilk.in/storage/products/featured/featured_69873a23145d7.webp,https://byrappasilks.in/shop/semi_khaddhi_georgette_saree_dark_grey_qs295357,480,000480.webp,True
Semi Khaddhi Georgette Saree Dark Blue QS295368,QS295368,0,2895,2645,https://byrappasilk.in/storage/products/featured/featured_69873b52515ec.webp,https://byrappasilks.in/shop/semi_khaddhi_georgette_saree_dark_blue_qs295368_2,481,000481.webp,True
Semi Khaddhi Georgette Saree Red QS295348,QS295348,0,2895,2645,https://byrappasilk.in/storage/products/featured/featured_69873e5656e08.webp,https://byrappasilks.in/shop/semi_khaddhi_georgette_saree_red_qs295348,482,000482.webp,True
Semi Khaddhi Georgette Saree Maroon QS295355,QS295355,0,2895,2645,https://byrappasilk.in/storage/products/featured/featured_698740745bbed.webp,https://byrappasilks.in/shop/semi_khaddhi_georgette_saree_maroon_qs295355,483,000483.webp,True
Pochampally Saree Green & Orange Border QS284000,QS284000,0,15995,14612,https://byrappasilk.in/storage/products/featured/featured_6989a53f7ef9a.webp,https://byrappasilks.in/shop/pochampally_saree_green_orange_border_qs284000,484,000484.webp,True
Pochampally Saree Blue & Orange Border QS284001,QS284001,0,15995,14612,https://byrappasilk.in/storage/products/featured/featured_6989a665ecccd.webp,https://byrappasilks.in/shop/pochampally_saree_blue_orange_border_qs284001,485,000485.webp,True
Pochampally Saree Redish Orange & Blue Border QS283993,QS283993,0,14995,13698,https://byrappasilk.in/storage/products/featured/featured_6989a80e46075.webp,https://byrappasilks.in/shop/pochampally_saree_redish_orange_blue_border_qs283993,486,000486.webp,True
Pochampally Saree Orange & Blue Border QS283992,QS283992,-3,14995,13698,https://byrappasilk.in/storage/products/featured/featured_6989a9e595591.webp,https://byrappasilks.in/shop/pochampally_saree_orange_blue_border_qs283992,487,000487.webp,True
Pochampally Saree Half White & Purple BorderQS284011,QS284011,0,17995,16439,https://byrappasilk.in/storage/products/featured/featured_6989abb44c685.webp,https://byrappasilks.in/shop/pochampally_saree_half_white_purple_borderqs284011_1,488,000488.webp,True
Organza Saree With Aplic Work Ivory QS295244,QS295244,0,3895,3559,https://byrappasilk.in/storage/products/featured/featured_698ae453a114b.webp,https://byrappasilks.in/shop/organza_saree_with_aplic_work_ivory_qs295244,489,000489.webp,True
Organza Saree With Aplic Work Lavender Pink QS295239,QS295239,0,3895,3559,https://byrappasilk.in/storage/products/featured/featured_698ae77323376.webp,https://byrappasilks.in/shop/organza_saree_with_aplic_work_lavender_pink_qs295239,490,000490.webp,True
Organza Saree With Aplic Work Champagne QS295243,QS295243,0,3895,3559,https://byrappasilk.in/storage/products/featured/featured_698ae87bcdd02.webp,https://byrappasilks.in/shop/organza_saree_with_aplic_work_champagne_qs295243,491,000491.webp,True
Organza Saree With Aplic Work Half White QS295247,QS295247,0,3895,3559,https://byrappasilk.in/storage/products/featured/featured_698ae98743248.webp,https://byrappasilks.in/shop/organza_saree_with_aplic_work_half_white_qs295247,492,000492.webp,True
Semi Georgette Saree Redish Pink QS263075,QS263075,0,2995,2736,https://byrappasilk.in/storage/products/featured/featured_698c7aa1522a8.webp,https://byrappasilks.in/shop/semi_georgette_saree_redish_pink_qs263075,493,000493.webp,True
Cocktail saree Yellow with Sequence & Blouse QW205693,QW207674,1,13995,12785,https://byrappasilk.in/storage/products/featured/featured_698ebb7ae214d.webp,https://byrappasilks.in/shop/cocktail_saree_yellow_with_sequence_blouse_qw205693,494,000494.webp,True
Georgette Saree Sky Blue Colour QW207674,QW207674,3,3995,3650,https://byrappasilk.in/storage/products/featured/featured_698ec0d38d4c1.webp,https://byrappasilks.in/shop/georgette_saree_sky_blue_colour_qw207674,495,000495.webp,True
Georgette Saree Onion Pink Colour QW207680,QW207680,0,3995,3650,https://byrappasilk.in/storage/products/featured/featured_698ec164b240a.webp,https://byrappasilks.in/shop/georgette_saree_onion_pink_colour_qw207680,496,000496.webp,True
Georgette Saree Lavender Colour QW207709,QW207709,0,3995,3650,https://byrappasilk.in/storage/products/featured/featured_698ec2be5b474.webp,https://byrappasilks.in/shop/georgette_saree_lavender_colour_qw207709,497,000497.webp,True
Georgette Saree Maroon Colour QW207695,QW207695,-1,3995,3650,https://byrappasilk.in/storage/products/featured/featured_698ec533a5eee.webp,https://byrappasilks.in/shop/georgette_saree_maroon_colour_qw207695_1,498,000498.webp,True
Georgette Saree Black Colour QW207709,QW207709,0,3995,3650,https://byrappasilk.in/storage/products/featured/featured_698ed4b849292.webp,https://byrappasilks.in/shop/georgette_saree_black_colour_qw207709,499,000499.webp,True
Muhurtham Silk Saree QS297654,QS297654,0,16995,15525,https://byrappasilk.in/storage/products/featured/featured_698f0ca5924fa.webp,https://byrappasilks.in/shop/muhurtham_silk_saree_qs297654,500,000500.webp,True
Semi Khaddhi Georgette Saree Purple & Pink Border QS298150,QS298150,0,2795,2554,https://byrappasilk.in/storage/products/featured/featured_69904de3648c6.webp,https://byrappasilks.in/shop/semi_khaddhi_georgette_saree_purple_pink_border_qs298150,501,000501.webp,True
Semi Khaddhi Georgette Saree Red QS298150,QS298150,0,2795,2554,https://byrappasilk.in/storage/products/featured/featured_69905028d4b75.webp,https://byrappasilks.in/shop/semi_khaddhi_georgette_saree_red_qs298150,502,000502.webp,True
Semi Khaddhi Georgette Saree Olive Green QS298160,QS298160,0,2795,2554,https://byrappasilk.in/storage/products/featured/featured_699050fc9450d.webp,https://byrappasilks.in/shop/semi_khaddhi_georgette_saree_olive_green_qs298160,503,000503.webp,True
Georgette Saree Vibrant Yellow & Red QW207664,QW207664,0,5295,4837,https://byrappasilk.in/storage/products/featured/featured_69906ee21f174.webp,https://byrappasilks.in/shop/georgette_saree_vibrant_yellow_red_qw207664,504,000504.webp,True
Georgette Saree Magenta & Deep Purple QW207664,QW207664,0,5295,4837,https://byrappasilk.in/storage/products/featured/featured_699070ad3193f.webp,https://byrappasilks.in/shop/georgette_saree_magenta_deep_purple_qw207664,505,000505.webp,True
Georgette Saree Pink & Purple QW207649,QW207649,0,5295,4837,https://byrappasilk.in/storage/products/featured/featured_6990726ca133c.webp,https://byrappasilks.in/shop/georgette_saree_pink_purple_qw207649,506,000506.webp,True
Georgette Saree Vibrant Rani pink & Sunset Orange QW207664,QW207664,0,5295,4837,https://byrappasilk.in/storage/products/featured/featured_699074cc28bdc.webp,https://byrappasilks.in/shop/georgette_saree_vibrant_rani_pink_sunset_orange_qw207664,507,000507.webp,True
Tissue Saree Sea Green With Ready Blouse QW207752,QW207752,0,4695,4289,https://byrappasilk.in/storage/products/featured/featured_6992fa89b7aa5.webp,https://byrappasilks.in/shop/tissue_saree_sea_green_with_ready_blouse_qw207752,508,000508.webp,True
Semi Kanchipuram Saree Lavender QS298274,QS298274,0,3495,3193,https://byrappasilk.in/storage/products/featured/featured_69932684bf834.webp,https://byrappasilks.in/shop/semi_kanchipuram_saree_lavender_qs298274,509,000509.webp,True
Fancy Elegant White & Gold Striped Saree with Contrast Red Border QS289951,QS289951,0,2695,2462,https://byrappasilk.in/storage/products/featured/featured_699480537d03e.webp,https://byrappasilks.in/shop/fancy_elegant_white_gold_striped_saree_with_contrast_red_border_qs289951,510,000510.webp,True
Party Wear Saree Ivory QS297069,QS297069,0,4295,3924,https://byrappasilk.in/storage/products/featured/featured_6998395dbd134.webp,https://byrappasilks.in/shop/party_wear_saree_ivory_qs297069,511,000511.webp,True
Georgette Saree Purple Colour QW207674,QW207674,5,3995,3650,https://byrappasilk.in/storage/products/featured/featured_699c613de9a68.webp,https://byrappasilks.in/shop/georgette_saree_purple_colour_qw207674,512,000512.webp,True
Khaddhi Georgette Saree Royal Purple & Mint Green Border QW208396,QW208396,10,3995,3650,https://byrappasilk.in/storage/products/featured/featured_699d8a1909ec6.webp,https://byrappasilks.in/shop/khaddhi_georgette_saree_royal_purple_mint_green_border_qw208396,513,000513.webp,True
Khaddhi Georgette Saree Regal Purple & Lime Green Border QW208396,QW208396,6,3995,3650,https://byrappasilk.in/storage/products/featured/featured_699d8af38d2da.webp,https://byrappasilks.in/shop/khaddhi_georgette_saree_regal_purple_lime_green_border_qw208396,514,000514.webp,True
Khaddhi Georgette Saree Vibrant Orange & Peach Border QW208396,QW208396,0,3995,3650,https://byrappasilk.in/storage/products/featured/featured_699d8be81b24a.webp,https://byrappasilks.in/shop/khaddhi_georgette_saree_vibrant_orange_peach_border_qw208396,515,000515.webp,True
Khaddhi Georgette Saree Raspberrry Pink & Lilac Pink Border QW208396,QW208396,8,3995,3650,https://byrappasilk.in/storage/products/featured/featured_699d8e53bb1da.webp,https://byrappasilks.in/shop/khaddhi_georgette_saree_raspberrry_pink_lilac_pink_border_qw208396,516,000516.webp,True
Khaddhi Georgette Saree Orang & Brown Border QW208396er,QW208396,1,3995,3650,https://byrappasilk.in/storage/products/featured/featured_699d8f9c09f13.webp,https://byrappasilks.in/shop/khaddhi_georgette_saree_orang_brown_border_qw208396er,517,000517.webp,True
Pure Tussar Saree Red QS286020,QS286020,0,18995,17352,https://byrappasilk.in/storage/products/featured/featured_699da459f390a.webp,https://byrappasilks.in/shop/pure_tussar_saree_red_qs286020,518,000518.webp,True
Tissue Saree With Bandhani Blouse QS301203,QS301203,0,4995,4563,https://byrappasilk.in/storage/products/featured/featured_699e9d8f67888.webp,https://byrappasilks.in/shop/tissue_saree_with_bandhani_blouse_qs301203,519,000519.webp,True
Semi Tussar Saree Beige & Purple Border QS299451,QS299451,2,2495,2280,https://byrappasilk.in/storage/products/featured/featured_699ec94f39ede.webp,https://byrappasilks.in/shop/semi_tussar_saree_beige_purple_border_qs299451,520,000520.webp,True
Semi Tussar Saree Beige & Magenta Border QS299451,QS299451,1,2495,2280,https://byrappasilk.in/storage/products/featured/featured_699ecd1d17383.webp,https://byrappasilks.in/shop/semi_tussar_saree_beige_magenta_border_qs299451,521,000521.webp,True
Semi Tussar Saree Beige & Dark Dusty Purple Border QS299451,QS299451,0,2495,2280,https://byrappasilk.in/storage/products/featured/featured_699fe7e5f246a.webp,https://byrappasilks.in/shop/semi_tussar_saree_beige_dark_dusty_purple_border_qs299451,522,000522.webp,True
Semi Tussar Saree Beige & Olive Green Border QS299451,QS299451,1,2495,2280,https://byrappasilk.in/storage/products/featured/featured_699fe81001d36.webp,https://byrappasilks.in/shop/semi_tussar_saree_beige_olive_green_border_qs299451,523,000523.webp,True
Semi Tussar Saree Beige & Orange Border QS299451,QS299451,0,2495,2280,https://byrappasilk.in/storage/products/featured/featured_699fe9b985db0.webp,https://byrappasilks.in/shop/semi_tussar_saree_beige_orange_border_qs299451,524,000524.webp,True
Semi Tussar Saree Beige & Black Border QS299451,QS299451,1,2495,2280,https://byrappasilk.in/storage/products/featured/featured_69a002a1e3cd8.webp,https://byrappasilks.in/shop/semi_tussar_saree_beige_black_border_qs299451,525,000525.webp,True
Semi Tussar Saree Beige & Rani Pink Border QS299451,QS299451,1,2495,2280,https://byrappasilk.in/storage/products/featured/featured_69a0090a93ff3.webp,https://byrappasilks.in/shop/semi_tussar_saree_beige_rani_pink_border_qs299451,526,000526.webp,True
Semi Tussar Saree Lavender & Turquoise Border QS299395,QS299395,0,2495,2280,https://byrappasilk.in/storage/products/featured/featured_69a01c6907bec.webp,https://byrappasilks.in/shop/semi_tussar_saree_lavender_turquoise_border_qs299395,527,000527.webp,True
Semi Tussar Saree Silver Grey & Coral Red Border QS299406,QS299406,1,2495,2280,https://byrappasilk.in/storage/products/featured/featured_69a01e3c45675.webp,https://byrappasilks.in/shop/semi_tussar_saree_silver_grey_coral_red_border_qs299406,528,000528.webp,True
Semi Tussar Saree Pastel Pink & Teal-Blue Border QS299400,QS299400,2,2495,2280,https://byrappasilk.in/storage/products/featured/featured_69a01f1ad0d60.webp,https://byrappasilks.in/shop/semi_tussar_saree_pastel_pink_teal_blue_border_qs299400,529,000529.webp,True
Semi Tussar Saree Silver Grey & Rust Orange Border QS299395,QS299395,3,2495,2280,https://byrappasilk.in/storage/products/featured/featured_69a01fff388f4.webp,https://byrappasilks.in/shop/semi_tussar_saree_silver_grey_rust_orange_border_qs299395,530,000530.webp,True
Semi Tussar Saree Elegant Peach & Blush Pink Border QS299395,QS299404,2,2495,2280,https://byrappasilk.in/storage/products/featured/featured_69a0231c2a7a1.webp,https://byrappasilks.in/shop/semi_tussar_saree_elegant_peach_blush_pink_border_qs299395,531,000531.webp,True
Semi Tussar Saree Mustard Yellow & Pink Border QS299395,QS299395,1,2495,2280,https://byrappasilk.in/storage/products/featured/featured_69a02b8e0c9a0.webp,https://byrappasilks.in/shop/semi_tussar_saree_mustard_yellow_pink_border_qs299395,532,000532.webp,True
Semi Tussar Saree Onion Pink & Charcoal Border QS299395,QS299395,0,2495,2280,https://byrappasilk.in/storage/products/featured/featured_69a02f723bc84.webp,https://byrappasilks.in/shop/semi_tussar_saree_onion_pink_charcoal_border_qs299395,533,000533.webp,True
Semi Tussar Saree Maroon & Charcoal Black Border QS299395,QS299395,0,2495,2280,https://byrappasilk.in/storage/products/featured/featured_69a030b505f56.webp,https://byrappasilks.in/shop/semi_tussar_saree_maroon_charcoal_black_border_qs299395,534,000534.webp,True
Semi Tussar Saree Sage Green & Antique Gold Border QS299395,QS299395,0,2495,2280,https://byrappasilk.in/storage/products/featured/featured_69a033586ad32.webp,https://byrappasilks.in/shop/semi_tussar_saree_sage_green_antique_gold_border_qs299395,535,000535.webp,True
Semi Tussar Saree Sky Blue & Silver Grey QS299395,QS299395,0,2495,2280,https://byrappasilk.in/storage/products/featured/featured_69a0347466b7a.webp,https://byrappasilks.in/shop/semi_tussar_saree_sky_blue_silver_grey_qs299395,536,000536.webp,True
Semi Tussar Saree Black Colour QS299439,QS299439,0,2195,2006,https://byrappasilk.in/storage/products/featured/featured_69a13982c5d0e.webp,https://byrappasilks.in/shop/semi_tussar_saree_black_colour_qs299439,537,000537.webp,True
Semi Tussar Saree Green Colour QS299442,QS299442,0,2195,2006,https://byrappasilk.in/storage/products/featured/featured_69a1395ee948b.webp,https://byrappasilks.in/shop/semi_tussar_saree_green_colour_qs299442,538,000538.webp,True
Semi Tussar Saree Half-White Colour QS299443,QS299443,0,2195,2006,https://byrappasilk.in/storage/products/featured/featured_69a139485405d.webp,https://byrappasilks.in/shop/semi_tussar_saree_half_white_colour_qs299443,539,000539.webp,True
Semi Tussar Saree Teal blue colour QS299441,QS299441,0,2195,2006,https://byrappasilk.in/storage/products/featured/featured_69a1390e4d870.webp,https://byrappasilks.in/shop/semi_tussar_saree_teal_blue_colour_qs299441,540,000540.webp,True
Mul Cotton Saree White QS301547,QS301547,0,895,818,https://byrappasilk.in/storage/products/featured/featured_69a17fdc19ad2.webp,https://byrappasilks.in/shop/mul_cotton_saree_white_qs301547_1,541,000541.webp,True
Semi Tussar Saree Vibrant Orange & Purple Border QS299393,QS299393,0,2495,2280,https://byrappasilk.in/storage/products/featured/featured_69a197facf068.webp,https://byrappasilks.in/shop/semi_tussar_saree_vibrant_orange_purple_border_qs299393,542,000542.webp,True
Semi Tussar Saree Steel Blue & Peach Border QS299393,QS299393,0,2495,2280,https://byrappasilk.in/storage/products/featured/featured_69a1991c28ccb.webp,https://byrappasilks.in/shop/semi_tussar_saree_steel_blue_peach_border_qs299393,543,000543.webp,True
Semi Tussar Saree Mauve-pink & Mustard Gold Border QS299399,QS299399,0,2495,2280,https://byrappasilk.in/storage/products/featured/featured_69a19aea50f7c.webp,https://byrappasilks.in/shop/semi_tussar_saree_mauve_pink_mustard_gold_border_qs299399,544,000544.webp,True
Semi Tussar Saree Peach & Charcoal Grey Border QS299393,QS299393,0,2495,2280,https://byrappasilk.in/storage/products/featured/featured_69a19c66c3793.webp,https://byrappasilks.in/shop/semi_tussar_saree_peach_charcoal_grey_border_qs299393,545,000545.webp,True
Tissue Saree With Bandhani Blouse  QS301073,QS301073,0,6995,6390,https://byrappasilk.in/storage/products/featured/featured_69a296bdb8192.webp,https://byrappasilks.in/shop/tissue_saree_with_bandhani_blouse_qs301073,546,000546.webp,True
Cocktail Saree with Sequence & Ready Blouse  QS301361,QS301361,1,13995,12785,https://byrappasilk.in/storage/products/featured/featured_69a2a7255d571.webp,https://byrappasilks.in/shop/cocktail_saree_with_sequence_ready_blouse_qs301361,547,000547.webp,True
Printed Saree with Zari Pallu Half-White QS301614,QS301614,0,3695,3376,https://byrappasilk.in/storage/products/featured/featured_69a2ab2e9fd99.webp,https://byrappasilks.in/shop/printed_saree_with_zari_pallu_half_white_qs301614,548,000548.webp,True
Printed Saree with Zari Pallu White QS301725,QS301725,0,3695,3376,https://byrappasilk.in/storage/products/featured/featured_69a2abcd0208b.webp,https://byrappasilks.in/shop/printed_saree_with_zari_pallu_white_qs301725,549,000549.webp,True
Pure Kanchipuram saree Brocade Design-QS304569,QS304569,0,21995,20093,https://byrappasilk.in/storage/products/featured/featured_69a31f384faa6.webp,https://byrappasilks.in/shop/pure_kanchipuram_saree_brocade_design_qs304569,550,000550.webp,True
Satin Saree With Shibori Design QS302009,QS302009,0,8995,8217,https://byrappasilk.in/storage/products/featured/featured_69a53264a1fec.webp,https://byrappasilks.in/shop/satin_saree_with_shibori_design_qs302009,551,000551.webp,True
Position Print Pink & Teal Banarasi Saree QS302107,QS302107,0,5995,5477,https://byrappasilk.in/storage/products/featured/featured_69a534f09fcaa.webp,https://byrappasilks.in/shop/position_print_pink_teal_banarasi_saree_qs302107,552,000552.webp,True
Position Print Cream & Rani pink Banarasi Saree QS302088,QS302088,0,5995,5477,https://byrappasilk.in/storage/products/featured/featured_69a53694c890b.webp,https://byrappasilks.in/shop/position_print_cream_rani_pink_banarasi_saree_qs302088,553,000553.webp,True
Semi Tussar Saree Sea Green Traditional Forest Motifs QS301387,QS301387,0,5695,5203,https://byrappasilk.in/storage/products/featured/featured_69a6dd0e8ae56.webp,https://byrappasilks.in/shop/semi_tussar_saree_sea_green_traditional_forest_motifs_qs301387,554,000554.webp,True
Satin Saree With Shibori Design QS302008,QS302008,0,8995,8217,https://byrappasilk.in/storage/products/featured/featured_69a6e38fe2b97.webp,https://byrappasilks.in/shop/satin_saree_with_shibori_design_qs302008,555,000555.webp,True
Tussar Saree Black QS305846,QS305846,-1,3695,3376,https://byrappasilk.in/storage/products/featured/featured_69a98a1c33af2.webp,https://byrappasilks.in/shop/tussar_saree_black_qs305846,556,000556.webp,True
Daily Wear Linen Saree White & Pink QS303135,QS303135,0,1595,1458,https://byrappasilk.in/storage/products/featured/featured_69a9c629ee74c.webp,https://byrappasilks.in/shop/daily_wear_linen_saree_white_pink_qs303135,557,000557.webp,True
Daily Wear Linen Saree White & Mustard Yellow QS303145,QS303145,0,1595,1458,https://byrappasilk.in/storage/products/featured/featured_69a9c6c2ca31b.webp,https://byrappasilks.in/shop/daily_wear_linen_saree_white_mustard_yellow_qs303145,558,000558.webp,True
Daily Wear Linen Saree White & Peach QS303148,QS303148,0,1595,1458,https://byrappasilk.in/storage/products/featured/featured_69a9c774bc43e.webp,https://byrappasilks.in/shop/daily_wear_linen_saree_white_peach_qs303148,559,000559.webp,True
Daily Wear Linen Saree White & Green QS303147,QS303147,0,1595,1458,https://byrappasilk.in/storage/products/featured/featured_69a9c81a3613d.webp,https://byrappasilks.in/shop/daily_wear_linen_saree_white_green_qs303147,560,000560.webp,True
Banarasi Saree With Meenakari Work White & Green QS305718,QS305718,0,4695,4289,https://byrappasilk.in/storage/products/featured/featured_69a9ce63ca61b.webp,https://byrappasilks.in/shop/banarasi_saree_with_meenakari_work_white_green_qs305718,561,000561.webp,True
Banarasi Saree With Meenakari Work White & Yellow QS305718,QS305718,0,4695,4289,https://byrappasilk.in/storage/products/featured/featured_69a9ce2cf1231.webp,https://byrappasilks.in/shop/banarasi_saree_with_meenakari_work_white_yellow_qs305718,562,000562.webp,True
Fancy party Wear Saree Fawn  QS304774,QS304774,0,4995,4563,https://byrappasilk.in/storage/products/featured/featured_69e71062c2f99.webp,https://byrappasilks.in/shop/fancy_party_wear_saree_fawn_qs304774,563,000563.webp,True
Semi Tussar Saree with Check Magenta Pink & Orange Border QS299428,QS299428,0,2495,2280,https://byrappasilk.in/storage/products/featured/featured_69aaac1bc4b7d.webp,https://byrappasilks.in/shop/semi_tussar_saree_with_check_magenta_pink_orange_border_qs299428,564,000564.webp,True
Banarasi Saree With Meenakari Work White & Pink QS305718,QS305718,0,4695,4289,https://byrappasilk.in/storage/products/featured/featured_69afb4ff16cc8.webp,https://byrappasilks.in/shop/banarasi_saree_with_meenakari_work_white_pink_qs305718,565,000565.webp,True
Banarasi Saree With Meenakari Work White & Grey QS305718,QS305718,0,4695,4289,https://byrappasilk.in/storage/products/featured/featured_69afb63bdd755.webp,https://byrappasilks.in/shop/banarasi_saree_with_meenakari_work_white_grey_qs305718,566,000566.webp,True
Semi Tussar Saree Cream Colour QS303518,QS303518,0,1795,1640,https://byrappasilk.in/storage/products/featured/featured_69aff49d748a5.webp,https://byrappasilks.in/shop/semi_tussar_saree_cream_colour_qs303518,567,000567.webp,True
Semi Tussar Saree Cream Colour QS303562,QS303562,0,2695,2462,https://byrappasilk.in/storage/products/featured/featured_69aff5ec9e577.webp,https://byrappasilks.in/shop/semi_tussar_saree_cream_colour_qs303562,568,000568.webp,True
Semi Tussar Saree Cream Colour QS303468,QS303468,0,1795,1640,https://byrappasilk.in/storage/products/featured/featured_69aff68002c06.webp,https://byrappasilks.in/shop/semi_tussar_saree_cream_colour_qs303468,569,000569.webp,True
Semi Tussar Saree Cream Colour QS303501,QS303501,0,1995,1823,https://byrappasilk.in/storage/products/featured/featured_69aff70d98fb9.webp,https://byrappasilks.in/shop/semi_tussar_saree_cream_colour_qs303501,570,000570.webp,True
Semi Tussar Saree Cream Colour QS303540,QS303540,0,2395,2188,https://byrappasilk.in/storage/products/featured/featured_69aff87dc1bc8.webp,https://byrappasilks.in/shop/semi_tussar_saree_cream_colour_qs303540,571,000571.webp,True
Semi Tussar Saree With Paithani Border Black Colour QS301126,QS301126,0,2995,2736,https://byrappasilk.in/storage/products/featured/featured_69b01a5ec9909.webp,https://byrappasilks.in/shop/semi_tussar_saree_with_paithani_border_black_colour_qs301126,572,000572.webp,True
Satin  Saree With Navy Blue & Slate Grey Marble Print QS288083,QS288083,0,1795,1640,https://byrappasilk.in/storage/products/featured/featured_69b3d3ebc291d.webp,https://byrappasilks.in/shop/satin_saree_with_navy_blue_slate_grey_marble_print_qs288083,573,000573.webp,True
Fancy party Wear Saree Sage Green QS304774,QS304774,-4,4995,4563,https://byrappasilk.in/storage/products/featured/featured_69e71048789d4.webp,https://byrappasilks.in/shop/fancy_party_wear_saree_sage_green_qs304774,574,000574.webp,True
Fancy party Wear Saree Dusty Rose QS304774,QS304774,0,4995,4563,https://byrappasilk.in/storage/products/featured/featured_69b3f96aca874.webp,https://byrappasilks.in/shop/fancy_party_wear_saree_dusty_rose_qs304774,575,000575.webp,True
Semi Tussar Saree Beige & Pink Floral Embroidery Cross stitch QS308953,QS308953,0,3895,3559,https://byrappasilk.in/storage/products/featured/featured_69b42fad503a2.webp,https://byrappasilks.in/shop/semi_tussar_saree_beige_pink_floral_embroidery_cross_stitch_qs308953,576,000576.webp,True
Pure Kanjeevaram Silk Saree Deep Maroon Shade I200093,I200093,1,28995,26487,https://byrappasilk.in/storage/products/featured/featured_69badeac3da47.webp,https://byrappasilks.in/shop/pure_kanjeevaram_silk_saree_deep_maroon_shade_i200093,577,000577.webp,True
Pure Kanchipuram Black & Parrot Green with Gold Zari Border I200078,I200078,0,26995,24660,https://byrappasilk.in/storage/products/featured/featured_69bc18e2003fa.webp,https://byrappasilks.in/shop/pure_kanchipuram_black_parrot_green_with_gold_zari_border_i200078,578,000578.webp,True
Semi Tussar Saree Black With Hot Pink Border QS304630,QS304630,0,3995,3650,https://byrappasilk.in/storage/products/featured/featured_69bce7dd64668.webp,https://byrappasilks.in/shop/semi_tussar_saree_black_with_hot_pink_border_qs304630,579,000579.webp,True
Fancy Saree Striking Temple Geometric Print  - QS301097,QS301097,1,6995,6390,https://byrappasilk.in/storage/products/featured/featured_69bceee36181b.webp,https://byrappasilks.in/shop/fancy_saree_striking_temple_geometric_print_qs301097,580,000580.webp,True
Linen Cotton Saree Elephant Print Peach QS312011,QS312011,0,1695,1549,https://byrappasilk.in/storage/products/featured/featured_69bd21c6cf55c.webp,https://byrappasilks.in/shop/linen_cotton_saree_elephant_print_peach_qs312011,581,000581.webp,True
Linen Cotton Saree Elephant Print Blue QS312011,QS312011,1,1695,1549,https://byrappasilk.in/storage/products/featured/featured_69bd227561305.webp,https://byrappasilks.in/shop/linen_cotton_saree_elephant_print_blue_qs312011,582,000582.webp,True
Linen Cotton Saree Elephant Print Pink QS312011,QS312011,-1,1695,1550,https://byrappasilk.in/storage/products/featured/featured_69bd2365af87a.webp,https://byrappasilks.in/shop/linen_cotton_saree_elephant_print_pink_qs312011,583,000583.webp,True
Linen Cotton Saree Elephant Print Mustard QS312011,QS312011,0,1695,1550,https://byrappasilk.in/storage/products/featured/featured_69bd297c829ab.webp,https://byrappasilks.in/shop/linen_cotton_saree_elephant_print_mustard_qs312011,584,000584.webp,True
Linen Cotton Saree Elephant Print Green QS312011,QS312011,-1,1695,1550,https://byrappasilk.in/storage/products/featured/featured_69bd2a8ab0652.webp,https://byrappasilks.in/shop/linen_cotton_saree_elephant_print_green_qs312011,585,000585.webp,True
Daily Wear Linen Saree White & Peach QS303120,QS303120,0,1595,1458,https://byrappasilk.in/storage/products/featured/featured_69bd3346b8a6e.webp,https://byrappasilks.in/shop/daily_wear_linen_saree_white_peach_qs303120,586,000586.webp,True
Daily Wear Linen Saree White & Mustard Yellow QS303120,QS303120,1,1595,1450,https://byrappasilk.in/storage/products/featured/featured_69bd342280e41.webp,https://byrappasilks.in/shop/daily_wear_linen_saree_white_mustard_yellow_qs303120,587,000587.webp,True
Daily Wear Linen Saree White & Green QS303120,QS303120,0,1595,1450,https://byrappasilk.in/storage/products/featured/featured_69bd3491784ed.webp,https://byrappasilks.in/shop/daily_wear_linen_saree_white_green_qs303120,588,000588.webp,True
Daily Wear Linen Saree White & Teal Blue QS303120,QS303120,0,1595,1450,https://byrappasilk.in/storage/products/featured/featured_69bd35172fb08.webp,https://byrappasilks.in/shop/daily_wear_linen_saree_white_teal_blue_qs303120,589,000589.webp,True
Daily Wear Linen Saree White & Orange QS303120,QS303120,0,1595,1450,https://byrappasilk.in/storage/products/featured/featured_69bd3583496e2.webp,https://byrappasilks.in/shop/daily_wear_linen_saree_white_orange_qs303120,590,000590.webp,True
Pure Kanchipuram Burberry Checks Saree QS310215,QS310215,1,19995,18266,https://byrappasilk.in/storage/products/featured/featured_69be4a3ed9375.webp,https://byrappasilks.in/shop/pure_kanchipuram_burberry_checks_saree_qs310215,591,000591.webp,True
Semi Tussar Saree Kutch Work Border QS319203,QS319203,-1,6995,6390,https://byrappasilk.in/storage/products/featured/featured_69c22c7606e5d.webp,https://byrappasilks.in/shop/semi_tussar_saree_kutch_work_border_qs319203,592,000592.webp,True
Semi Tussar Saree With Paithani Border Lime Green Colour  QS315436,QS315436,0,1795,1640,https://byrappasilk.in/storage/products/featured/featured_69c3c25bdb30e.webp,https://byrappasilks.in/shop/semi_tussar_saree_with_paithani_border_lime_green_colour_qs315436,593,000593.webp,True
Semi Tussar Saree With Paithani Border Seafoam Blue Colour QS315410,QS315410,0,1795,1640,https://byrappasilk.in/storage/products/featured/featured_69c3c996bce10.webp,https://byrappasilks.in/shop/semi_tussar_saree_with_paithani_border_seafoam_blue_colour_qs315410,594,000594.webp,True
Semi Tussar Saree With Paithani Border Yellow Colour QS315409,QS315409,1,1795,1640,https://byrappasilk.in/storage/products/featured/featured_69c3ca11a7325.webp,https://byrappasilks.in/shop/semi_tussar_saree_with_paithani_border_yellow_colour_qs315409,595,000595.webp,True
Semi Tussar Saree With Paithani Border Pink Colour QS315402,QS315402,0,1795,1640,https://byrappasilk.in/storage/products/featured/featured_69c3caa1d842f.webp,https://byrappasilks.in/shop/semi_tussar_saree_with_paithani_border_pink_colour_qs315402,596,000596.webp,True
Semi Tussar Saree With Paithani Border Beige Colour QS315413,QS315413,0,1795,1640,https://byrappasilk.in/storage/products/featured/featured_69c3cb796c251.webp,https://byrappasilks.in/shop/semi_tussar_saree_with_paithani_border_beige_colour_qs315413,597,000597.webp,True
Semi Tussar Saree With Embroidery Border Beige Metallic Colour  QS315053,QS315053,0,2195,2006,https://byrappasilk.in/storage/products/featured/featured_69c3d87e642d7.webp,https://byrappasilks.in/shop/semi_tussar_saree_with_embroidery_border_beige_metallic_colour_qs315053,598,000598.webp,True
Semi Tussar Saree With Embroidery Border Fuchsia Black Colour  QS315053,QS315053,0,2195,2006,https://byrappasilk.in/storage/products/featured/featured_69c3d9276ac97.webp,https://byrappasilks.in/shop/semi_tussar_saree_with_embroidery_border_fuchsia_black_colour_qs315053,599,000599.webp,True
Semi Tussar Saree With Embroidery Border Charcoal Grey Colour QS315053,QS315053,0,2195,2006,https://byrappasilk.in/storage/products/featured/featured_69c3f28ce3301.webp,https://byrappasilks.in/shop/semi_tussar_saree_with_embroidery_border_charcoal_grey_colour_qs315053,600,000600.webp,True
Semi Tussar Saree With Embroidery Border Mustard Yellow Colour QS315053,QS315053,0,2195,2006,https://byrappasilk.in/storage/products/featured/featured_69c3f3f77af37.webp,https://byrappasilks.in/shop/semi_tussar_saree_with_embroidery_border_mustard_yellow_colour_qs315053,601,000601.webp,True
Semi Tussar Saree With Embroidery Border Blue Colour QS315053,QS315053,-2,2195,2006,https://byrappasilk.in/storage/products/featured/featured_69c3f4c0d23e3.webp,https://byrappasilks.in/shop/semi_tussar_saree_with_embroidery_border_blue_colour_qs315053,602,000602.webp,True
Organza Saree Embroidery Border Half White QS315108,QS315108,0,2695,2462,https://byrappasilk.in/storage/products/featured/featured_69c512b37c26c.webp,https://byrappasilks.in/shop/organza_saree_embroidery_border_half_white_qs315108,603,000603.webp,True
Organza Saree Embroidery Border Baby Pink QS315096,QS315096,1,3900,2048,https://byrappasilk.in/storage/products/featured/featured_69c513ea83a0d.webp,https://byrappasilks.in/shop/organza_saree_embroidery_border_baby_pink_qs315096,604,000604.webp,True
Organza Saree Embroidery Border Yellow QS315096,QS315096,1,3900,2048,https://byrappasilk.in/storage/products/featured/featured_69c5149969203.webp,https://byrappasilks.in/shop/organza_saree_embroidery_border_yellow_qs315096,605,000605.webp,True
Organza Saree Embroidery Border Lavender QS315096,QS315096,1,3900,2048,https://byrappasilk.in/storage/products/featured/featured_69c5154645984.webp,https://byrappasilks.in/shop/organza_saree_embroidery_border_lavender_qs315096,606,000606.webp,True
Organza Saree Embroidery Border Ice Blue QS315096,QS315096,0,3900,2048,https://byrappasilk.in/storage/products/featured/featured_69c516d728968.webp,https://byrappasilks.in/shop/organza_saree_embroidery_border_ice_blue_qs315096,607,000607.webp,True
Semi Tussar Saree With White Floral Embroidery Lavender QS315303,QS315303,-1,3395,3102,https://byrappasilk.in/storage/products/featured/featured_69c6363b39e65.webp,https://byrappasilks.in/shop/semi_tussar_saree_with_white_floral_embroidery_lavender_qs315303,608,000608.webp,True
Semi Tussar Saree With White Floral Embroidery Beige QS315303,QS315303,0,3395,3102,https://byrappasilk.in/storage/products/featured/featured_69c636f604664.webp,https://byrappasilks.in/shop/semi_tussar_saree_with_white_floral_embroidery_beige_qs315303,609,000609.webp,True
Semi Tussar Saree With White Floral Embroidery Golden Brown QS315303,QS315303,0,3395,3102,https://byrappasilk.in/storage/products/featured/featured_69c637be5ffea.webp,https://byrappasilks.in/shop/semi_tussar_saree_with_white_floral_embroidery_golden_brown_qs315303,610,000610.webp,True
Semi Tussar Saree With White Floral Embroidery White QS315303,QS315303,0,3395,3102,https://byrappasilk.in/storage/products/featured/featured_69c6383671932.webp,https://byrappasilks.in/shop/semi_tussar_saree_with_white_floral_embroidery_white_qs315303,611,000611.webp,True
Semi Tussar Saree With White Floral Embroidery Yellow QS315303,QS315303,0,3395,3102,https://byrappasilk.in/storage/products/featured/featured_69c638abf41b6.webp,https://byrappasilks.in/shop/semi_tussar_saree_with_white_floral_embroidery_yellow_qs315303,612,000612.webp,True
Semi Tussar Saree With White Floral Embroidery Baby Pink QS315303,QS315303,0,3395,3102,https://byrappasilk.in/storage/products/featured/featured_69c63a1740f01.webp,https://byrappasilks.in/shop/semi_tussar_saree_with_white_floral_embroidery_baby_pink_qs315303,613,000613.webp,True
Semi Tussar Saree With White Floral Embroidery Work Yellow QS315321,QS315321,0,2995,2736,https://byrappasilk.in/storage/products/featured/featured_69c64c267288a.webp,https://byrappasilks.in/shop/semi_tussar_saree_with_white_floral_embroidery_work_yellow_qs315321,614,000614.webp,True
Semi Tussar Saree With White Floral Embroidery Work White QS315321,QS315321,0,2995,2736,https://byrappasilk.in/storage/products/featured/featured_69c64da20de2c.webp,https://byrappasilks.in/shop/semi_tussar_saree_with_white_floral_embroidery_work_white_qs315321,615,000615.webp,True
Semi Tussar Saree With White Floral Embroidery Work Black QS315321,QS315321,0,2995,2736,https://byrappasilk.in/storage/products/featured/featured_69c64e18bfb1c.webp,https://byrappasilks.in/shop/semi_tussar_saree_with_white_floral_embroidery_work_black_qs315321,616,000616.webp,True
Semi Tussar Saree With White Floral Embroidery Work Grey QS315321,QS315321,0,2995,2736,https://byrappasilk.in/storage/products/featured/featured_69c64eaa6989e.webp,https://byrappasilks.in/shop/semi_tussar_saree_with_white_floral_embroidery_work_grey_qs315321,617,000617.webp,True
Semi Tussar Saree With White Floral Embroidery Work Baby Pink QS315321,QS315321,0,2995,2736,https://byrappasilk.in/storage/products/featured/featured_69c64fb284c08.webp,https://byrappasilks.in/shop/semi_tussar_saree_with_white_floral_embroidery_work_baby_pink_qs315321,618,000618.webp,True
Pure Banaras Intricate Gold Zari Butta Royal Purple QS294215,QS294215,0,23995,21920,https://byrappasilk.in/storage/products/featured/featured_69c6b5aa5e964.webp,https://byrappasilks.in/shop/pure_banaras_intricate_gold_zari_butta_royal_purple_qs294215,619,000619.webp,True
Pure Banaras Intricate Gold Zari Butta Royal Blue QS294215,QS294215,0,23995,21920,https://byrappasilk.in/storage/products/featured/featured_69c6bf477dacd.webp,https://byrappasilks.in/shop/pure_banaras_intricate_gold_zari_butta_royal_blue_qs294215,620,000620.webp,True
Pure Banaras Intricate Gold Zari Butta PurpleQS294206,QS294206,0,23995,21920,https://byrappasilk.in/storage/products/featured/featured_69c6cc26d9f5d.webp,https://byrappasilks.in/shop/pure_banaras_intricate_gold_zari_butta_purpleqs294206,621,000621.webp,True
Pure Organza Chikankari Floral Embroidery Lemon Yellow QS316325,QS316325,0,9995,9131,https://byrappasilk.in/storage/products/featured/featured_69c788bfc1960.webp,https://byrappasilks.in/shop/pure_organza_chikankari_floral_embroidery_lemon_yellow_qs316325,622,000622.webp,True
Pure Organza Chikankari Floral Embroidery Blush Pink QS316325,QS316325,0,9995,9131,https://byrappasilk.in/storage/products/featured/featured_69c78a316b920.webp,https://byrappasilks.in/shop/pure_organza_chikankari_floral_embroidery_blush_pink_qs316325,623,000623.webp,True
Semi Tussar Saree With Gold & Silver Zari Work Border Peach Colour QS316848,QS316848,1,3495,3193,https://byrappasilk.in/storage/products/featured/featured_69c7af42ade03.webp,https://byrappasilks.in/shop/semi_tussar_saree_with_gold_silver_zari_work_border_peach_colour_qs316848,624,000624.webp,True
Semi Khaddhi Georgette Saree Sky Blue & Orange Border QW208859,QW208859,2,3995,3650,https://byrappasilk.in/storage/products/featured/featured_69c7cb42a8080.webp,https://byrappasilks.in/shop/semi_khaddhi_georgette_saree_sky_blue_orange_border_qw208859,625,000625.webp,True
Semi Khaddhi Georgette Saree Red & Sky Blue Border QW208859,QW208859,2,3995,3650,https://byrappasilk.in/storage/products/featured/featured_69c7cce59b258.webp,https://byrappasilks.in/shop/semi_khaddhi_georgette_saree_red_sky_blue_border_qw208859,626,000626.webp,True
Semi Khaddhi Georgette Saree Green & Baby Pink Border QW208859,QW208859,1,3995,3650,https://byrappasilk.in/storage/products/featured/featured_69c7cdde2581e.webp,https://byrappasilks.in/shop/semi_khaddhi_georgette_saree_green_baby_pink_border_qw208859,627,000627.webp,True
Pure Tussar Saree QS2885140,QS2885140,0,23995,21920,https://byrappasilk.in/storage/products/featured/featured_69c7f0aaae90f.webp,https://byrappasilks.in/shop/pure_tussar_saree_qs2885140,628,000628.webp,True
Pure Kanchipuram White Saree I200246,I200246,1,29995,27401,https://byrappasilk.in/storage/products/featured/featured_69c7f226d2e68.webp,https://byrappasilks.in/shop/pure_kanchipuram_white_saree_i200246,629,000629.webp,True
Semi Georgette Geometric Saree Beige-gold QS208241,QS208241,0,3995,3650,https://byrappasilk.in/storage/products/featured/featured_69c80774a1b24.webp,https://byrappasilks.in/shop/semi_georgette_geometric_saree_beige_gold_qs208241,630,000630.webp,True
Semi Georgette Geometric Brown-Gold QS208241,QS208241,0,3995,3650,https://byrappasilk.in/storage/products/featured/featured_69c8074c82a10.webp,https://byrappasilks.in/shop/semi_georgette_geometric_brown_gold_qs208241,631,000631.webp,True
Pure Kanchipuram Saree with Premium Zari RedQS316156,QS316156,1,39995,36536,https://byrappasilk.in/storage/products/featured/featured_69c882b317b10.webp,https://byrappasilks.in/shop/pure_kanchipuram_saree_with_premium_zari_redqs316156,632,000632.webp,True
Mul Cotton Chikankari Work Rose pink QS316316,QS316316,0,7995,7304,https://byrappasilk.in/storage/products/featured/featured_69c8c3228d1f0.webp,https://byrappasilks.in/shop/mul_cotton_chikankari_work_rose_pink_qs316316,633,000633.webp,True
Mul Cotton Chikankari Work pink QS316316,QS316316,1,7995,7304,https://byrappasilk.in/storage/products/featured/featured_69c8c4284024d.webp,https://byrappasilks.in/shop/mul_cotton_chikankari_work_pink_qs316316,634,000634.webp,True
Mul Cotton Chikankari Work Sea Green QS316316QS316316,QS316316,0,7995,7304,https://byrappasilk.in/storage/products/featured/featured_69c932d6e5511.webp,https://byrappasilks.in/shop/mul_cotton_chikankari_work_sea_green_qs316316qs316316,635,000635.webp,True
Mul Cotton Chikankari Work Lavender QS316316,QS316316,-2,7995,7304,https://byrappasilk.in/storage/products/featured/featured_69c933e32721c.webp,https://byrappasilks.in/shop/mul_cotton_chikankari_work_lavender_qs316316,636,000636.webp,True
Mul Cotton Chikankari Work Lavender QS316316,QS316316,0,7995,7304,https://byrappasilk.in/storage/products/featured/featured_69c93521bec27.webp,https://byrappasilks.in/shop/mul_cotton_chikankari_work_lavender_qs316316_1,637,000637.webp,True
Mul Cotton Chikankari Work Pink QS316316,QS316316,1,7995,7304,https://byrappasilk.in/storage/products/featured/featured_69c9360fb794d.webp,https://byrappasilks.in/shop/mul_cotton_chikankari_work_pink_qs316316_1,638,000638.webp,True
Mul Cotton Chikankari Work Yellow QS316316,QS316316,0,7995,7304,https://byrappasilk.in/storage/products/featured/featured_69c938404c64e.webp,https://byrappasilks.in/shop/mul_cotton_chikankari_work_yellow_qs316316,639,000639.webp,True
Chiffon Saree With Heavy Ready Blouse Black & White QW208753,QW208753,0,6995,6390,https://byrappasilk.in/storage/products/featured/featured_69ca306091e53.webp,https://byrappasilks.in/shop/chiffon_saree_with_heavy_ready_blouse_black_white_qw208753,640,000640.webp,True
Cocktail Saree Printed Crape with Sequence & Ready Blouse Multi-Colour QS301361,QS299451,1,12995,11871,https://byrappasilk.in/storage/products/featured/featured_69cb66f765b02.webp,https://byrappasilks.in/shop/cocktail_saree_printed_crape_with_sequence_ready_blouse_multi_colour_qs301361,641,000641.webp,True
Chiffon Saree With Heavy Ready Blouse Black & White QW208755,QW208755,0,6995,6390,https://byrappasilk.in/storage/products/featured/featured_69cbaab7b85de.webp,https://byrappasilks.in/shop/chiffon_saree_with_heavy_ready_blouse_black_white_qw208755,642,000642.webp,True
Chiffon Saree With Heavy Ready Blouse Black & White QW208753,QW208753,0,6995,6390,https://byrappasilk.in/storage/products/featured/featured_69cbab521e5a1.webp,https://byrappasilks.in/shop/chiffon_saree_with_heavy_ready_blouse_black_white_qw208753_1,643,000643.webp,True
Pure Tussar Saree QS312115,QS312115,0,15995,14612,https://byrappasilk.in/storage/products/featured/featured_69cbbf9254883.webp,https://byrappasilks.in/shop/pure_tussar_saree_qs312115,644,000644.webp,True
Pure Kanchipuram Black & Peach QW209255,QW209255,0,49995,45671,https://byrappasilk.in/storage/products/featured/featured_69cc055fc44cf.webp,https://byrappasilks.in/shop/pure_kanchipuram_black_peach_qw209255,645,000645.webp,True
Banaras Tissue Saree Intricate Glod Zari Border Royal Purple QS318935,QS318935,0,5995,5477,https://byrappasilk.in/storage/products/featured/featured_69cd4e1281365.webp,https://byrappasilks.in/shop/banaras_tissue_saree_intricate_glod_zari_border_royal_purple_qs318935,646,000646.webp,True
Banaras Tissue Saree Intricate Glod Zari Border Red QS318935,QS318935,0,5995,5477,https://byrappasilk.in/storage/products/featured/featured_69cd5879064bf.webp,https://byrappasilks.in/shop/banaras_tissue_saree_intricate_glod_zari_border_red_qs318935,647,000647.webp,True
Kathan Silk Saree QS318764,QS318764,0,14995,13698,https://byrappasilk.in/storage/products/featured/featured_69cd5c90a92b8.webp,https://byrappasilks.in/shop/kathan_silk_saree_qs318764,648,000648.webp,True
Kathan Silk Saree QS318764,QS318764,0,14995,13698,https://byrappasilk.in/storage/products/featured/featured_69cd5ce7982ec.webp,https://byrappasilks.in/shop/kathan_silk_saree_qs318764_1,649,000649.webp,True
Tussar Saree Black QS311200,QS311200,0,3695,3376,https://byrappasilk.in/storage/products/featured/featured_69ce3cc213bd0.webp,https://byrappasilks.in/shop/tussar_saree_black_qs311200,650,000650.webp,True
Tussrar Saree Off-White Pearl Work S318859,QS318859,2,3495,3193,https://byrappasilk.in/storage/products/featured/featured_69ceafac49638.webp,https://byrappasilks.in/shop/tussrar_saree_off_white_pearl_work_s318859,651,000651.webp,True
Tussrar Saree Off-White Pearl Work QS318859,QS318859,0,3495,3193,https://byrappasilk.in/storage/products/featured/featured_69ceb06382c52.webp,https://byrappasilks.in/shop/tussrar_saree_off_white_pearl_work_qs318859,652,000652.webp,True
Tussrar Saree Off-White Pearl Work QS318859,QS318859,0,3495,3193,https://byrappasilk.in/storage/products/featured/featured_69ceb0f834163.webp,https://byrappasilks.in/shop/tussrar_saree_off_white_pearl_work_qs318859_1,653,000653.webp,True
Silk Cotton Saree Geometric Ivory And Gold QS319457,QS319457,1,5995,5477,https://byrappasilk.in/storage/products/featured/featured_69cf4d7554d65.webp,https://byrappasilks.in/shop/silk_cotton_saree_geometric_ivory_and_gold_qs319457,654,000654.webp,True
Silk Cotton Saree Geometric Ivory And Powder Blue QS319457,QS319457,1,5995,5477,https://byrappasilk.in/storage/products/featured/featured_69cf4e3ea1f07.webp,https://byrappasilks.in/shop/silk_cotton_saree_geometric_ivory_and_powder_blue_qs319457,655,000655.webp,True
Silk Cotton Saree Geometric Ivory And Aqua Blue Blue QS319457,QS319457,1,5995,5477,https://byrappasilk.in/storage/products/featured/featured_69cf4fc656a30.webp,https://byrappasilks.in/shop/silk_cotton_saree_geometric_ivory_and_aqua_blue_blue_qs319457,656,000656.webp,True
Linen Saree Delicate Embroidery With White & Pink  QS304656,QS304656,1,6695,6083,https://byrappasilk.in/storage/products/featured/featured_6a33d2d8d9d19.webp,https://byrappasilks.in/shop/linen_saree_delicate_embroidery_with_white_pink_qs304656,657,000657.webp,True
Linen Saree With White & Red Temple Border QS304652,QS304652,0,5995,5477,https://byrappasilk.in/storage/products/featured/featured_69cfb014bffbe.webp,https://byrappasilks.in/shop/linen_saree_with_white_red_temple_border_qs304652,658,000658.webp,True
Linen Saree Delicate Embroidery With Yellow QS304656,QS304656,0,5995,5477,https://byrappasilk.in/storage/products/featured/featured_69cfc300aa8ff.webp,https://byrappasilks.in/shop/linen_saree_delicate_embroidery_with_yellow_qs304656,659,000659.webp,True
Linen Saree Delicate Embroidery With Sky Blue QS304656,QS304656,0,6295,5751,https://byrappasilk.in/storage/products/featured/featured_69cfc4bcb023d.webp,https://byrappasilks.in/shop/linen_saree_delicate_embroidery_with_sky_blue_qs304656,660,000660.webp,True
Linen Saree Delicate Embroidery With Seafoam Green QS304656,QS304656,0,6295,5751,https://byrappasilk.in/storage/products/featured/featured_69cfc535d658f.webp,https://byrappasilks.in/shop/linen_saree_delicate_embroidery_with_seafoam_green_qs304656,661,000661.webp,True
Semi Tussar Saree With White Floral Embroidery Work Sage Green QS317019,QS317019,0,2595,2371,https://byrappasilk.in/storage/products/featured/featured_69d4a0d0452f3.webp,https://byrappasilks.in/shop/semi_tussar_saree_with_white_floral_embroidery_work_sage_green_qs317019,662,000662.webp,True
Semi Tussar Saree With White Floral Embroidery Work Yellow QS317019,QS3117002,0,2595,2371,https://byrappasilk.in/storage/products/featured/featured_69d4a192cc6a8.webp,https://byrappasilks.in/shop/semi_tussar_saree_with_white_floral_embroidery_work_yellow_qs317019,663,000663.webp,True
Semi Tussar Saree With White Floral Embroidery Work White QS317019,QS317019,0,2595,2371,https://byrappasilk.in/storage/products/featured/featured_69d4a1fee86e6.webp,https://byrappasilks.in/shop/semi_tussar_saree_with_white_floral_embroidery_work_white_qs317019,664,000664.webp,True
Semi Tussar Saree With White Floral Embroidery Work Baby Pink QS317019,QS317019,0,2595,2371,https://byrappasilk.in/storage/products/featured/featured_69d4a2650e078.webp,https://byrappasilks.in/shop/semi_tussar_saree_with_white_floral_embroidery_work_baby_pink_qs317019,665,000665.webp,True
Printed Crape Saree With Heavy Mirror Work Ready Blouse QS319228,QS319228,0,9665,8829,https://byrappasilk.in/storage/products/featured/featured_69d4a5a20acc4.webp,https://byrappasilks.in/shop/printed_crape_saree_with_heavy_mirror_work_ready_blouse_qs319228,666,000666.webp,True
Floral Printed Crape Saree QS308038,QS308038,-1,6995,6390,https://byrappasilk.in/storage/products/featured/featured_69d4ad36692e0.webp,https://byrappasilks.in/shop/floral_printed_crape_saree_qs308038,667,000667.webp,True
Floral Printed Crape Saree QS308026,QS308026,1,6395,5842,https://byrappasilk.in/storage/products/featured/featured_69d4adf0770c2.webp,https://byrappasilks.in/shop/floral_printed_crape_saree_qs308026,668,000668.webp,True
Floral Printed Crape Saree QS308046,QS308046,0,6995,6390,https://byrappasilk.in/storage/products/featured/featured_69d4c3ea1d846.webp,https://byrappasilks.in/shop/floral_printed_crape_saree_qs308046,669,000669.webp,True
Tussar Saree Black QS317223,QS317223,1,3995,3650,https://byrappasilk.in/storage/products/featured/featured_69d618a4d808e.webp,https://byrappasilks.in/shop/tussar_saree_black_qs317223,670,000670.webp,True
Semi Viscose Regal Purple With Temple Border QW208695,QW208695,0,3695,3376,https://byrappasilk.in/storage/products/featured/featured_69d64514a5e8b.webp,https://byrappasilks.in/shop/semi_viscose_regal_purple_with_temple_border_qw208695,671,000671.webp,True
Semi Viscose Deep Purple With Temple Border QW208695,QW208695,0,3695,3376,https://byrappasilk.in/storage/products/featured/featured_69d64b1a60c85.webp,https://byrappasilks.in/shop/semi_viscose_deep_purple_with_temple_border_qw208695,672,000672.webp,True
Semi Tussar Saree Kutch Work Border Vibrant Cherry Red QS319189,QS319189,0,4395,4015,https://byrappasilk.in/storage/products/featured/featured_69d650937d6f4.webp,https://byrappasilks.in/shop/semi_tussar_saree_kutch_work_border_vibrant_cherry_red_qs319189,673,000673.webp,True
Semi Tussar Saree Kutch Work Border Rani Pink,QS319189,0,4395,4015,https://byrappasilk.in/storage/products/featured/featured_69d657c21762f.webp,https://byrappasilks.in/shop/semi_tussar_saree_kutch_work_border_rani_pink,674,000674.webp,True
Semi Tussar Saree Kutch Work Border Green QS319189,QS319189,0,4395,4015,https://byrappasilk.in/storage/products/featured/featured_69d6582e9096f.webp,https://byrappasilks.in/shop/semi_tussar_saree_kutch_work_border_green_qs319189,675,000675.webp,True
Semi Tussar Saree Kutch Work Border Teal Blue QS319198,QS319198,0,6995,6390,https://byrappasilk.in/storage/products/featured/featured_69d658f0ee17f.webp,https://byrappasilks.in/shop/semi_tussar_saree_kutch_work_border_teal_blue_qs319198,676,000676.webp,True
Semi Tussar Saree Kutch Work Border Royal Wine Purple QS319198,QS319198,0,6995,6390,https://byrappasilk.in/storage/products/featured/featured_69d65986f321b.webp,https://byrappasilks.in/shop/semi_tussar_saree_kutch_work_border_royal_wine_purple_qs319198,677,000677.webp,True
Pure Organza Chikankari Floral Embroidery Mint Green QS316321,QS316321,1,9995,9131,https://byrappasilk.in/storage/products/featured/featured_69d65da1e5083.webp,https://byrappasilks.in/shop/pure_organza_chikankari_floral_embroidery_mint_green_qs316321,678,000678.webp,True
Pure Organza Chikankari Floral Embroidery Ice Blue,QS316325,1,9995,9131,https://byrappasilk.in/storage/products/featured/featured_69d65d6f191d9.webp,https://byrappasilks.in/shop/pure_organza_chikankari_floral_embroidery_ice_blue,679,000679.webp,True
Linen Cotton Saree Quirky Car Print Off White QS311939,QS311939,1,1695,1550,https://byrappasilk.in/storage/products/featured/featured_69d76d3d4c3e5.webp,https://byrappasilks.in/shop/linen_cotton_saree_quirky_car_print_off_white_qs311939,680,000680.webp,True
Linen Cotton Saree Quirky Car Print Mustard Yellow QS311939,QS311939,0,1695,1550,https://byrappasilk.in/storage/products/featured/featured_69d76dfd14f29.webp,https://byrappasilks.in/shop/linen_cotton_saree_quirky_car_print_mustard_yellow_qs311939,681,000681.webp,True
Linen Cotton Saree Quirky Car Print Lavender QS311939,QS311939,1,1695,1550,https://byrappasilk.in/storage/products/featured/featured_69d772738eca6.webp,https://byrappasilks.in/shop/linen_cotton_saree_quirky_car_print_lavender_qs311939,682,000682.webp,True
Linen Cotton Saree Quirky Car Print Peach QS311939,QS311939,1,1695,1550,https://byrappasilk.in/storage/products/featured/featured_69d773a1054db.webp,https://byrappasilks.in/shop/linen_cotton_saree_quirky_car_print_peach_qs311939,683,000683.webp,True
Semi Viscose Black With Temple Border QW208695,QW208695,0,3695,3376,https://byrappasilk.in/storage/products/featured/featured_69d7c5b978ef4.webp,https://byrappasilks.in/shop/semi_viscose_black_with_temple_border_qw208695,684,000684.webp,True
Floral Printed Crape Saree QS308048,QS308048,0,6995,6390,https://byrappasilk.in/storage/products/featured/featured_69d8fb9e281c1.webp,https://byrappasilks.in/shop/floral_printed_crape_saree_qs308048,685,000685.webp,True
Floral Printed Crape Saree Yellow QS310873,QS310873,0,6995,6477,https://byrappasilk.in/storage/products/featured/featured_6a51e930ef99f.webp,https://byrappasilks.in/shop/floral_printed_crape_saree_yellow_qs310873,686,000686.webp,True
Banaras Pure Georgette Baby Pink AA201662,AA201662,0,18995,17352,https://byrappasilk.in/storage/products/featured/featured_69db0aa5d2749.webp,https://byrappasilks.in/shop/banaras_pure_georgette_baby_pink_aa201662,687,000687.webp,True
Banaras Pure Georgette Elegant Lavender AA201663,AA201663,0,18995,17352,https://byrappasilk.in/storage/products/featured/featured_69db0f2253569.webp,https://byrappasilks.in/shop/banaras_pure_georgette_elegant_lavender_aa201663,688,000688.webp,True
Pure Handloom Kora Saree Vibrant Orange & Pink AA201725,AA201725,1,13665,12483,https://byrappasilk.in/storage/products/featured/featured_69dc78135d4e5.webp,https://byrappasilks.in/shop/pure_handloom_kora_saree_vibrant_orange_pink_aa201725,689,000689.webp,True
Pure Handloom Kora Saree Vibrant Pink & Purple AA201725,AA201725,1,13665,12483,https://byrappasilk.in/storage/products/featured/featured_69dc7cbd829d5.webp,https://byrappasilks.in/shop/pure_handloom_kora_saree_vibrant_pink_purple_aa201725,690,000690.webp,True
Pure Handloom Kora Saree Vibrant Red & Pink AA201725,AA201725,0,13665,12483,https://byrappasilk.in/storage/products/featured/featured_69dc978cc2f3f.webp,https://byrappasilks.in/shop/pure_handloom_kora_saree_vibrant_red_pink_aa201725,691,000691.webp,True
Handloom Tussar Saree  Silver Grey &Pastel Lavender  AA201577,AA201577,0,13995,12785,https://byrappasilk.in/storage/products/featured/featured_69dca1e6216c4.webp,https://byrappasilks.in/shop/handloom_tussar_saree_silver_grey_pastel_lavender_aa201577,692,000692.webp,True
Handloom Tussar Saree Mint Green & Soft Peach AA201577,AA201577,0,13995,12785,https://byrappasilk.in/storage/products/featured/featured_69dca29be2fe4.webp,https://byrappasilks.in/shop/handloom_tussar_saree_mint_green_soft_peach_aa201577,693,000693.webp,True
Handloom Tussar Saree Lavender & White AA201577,AA201577,0,13995,12785,https://byrappasilk.in/storage/products/featured/featured_69dcd149a81fe.webp,https://byrappasilks.in/shop/handloom_tussar_saree_lavender_white_aa201577,694,000694.webp,True
Handloom Tussar Saree Baby Pink & Peach AA201577,AA201577,0,13995,12785,https://byrappasilk.in/storage/products/featured/featured_69dcd24f3738e.webp,https://byrappasilks.in/shop/handloom_tussar_saree_baby_pink_peach_aa201577,695,000695.webp,True
Handloom Tussar Saree Seafoam Green & Pastel Pink AA201577,AA201577,0,13995,12785,https://byrappasilk.in/storage/products/featured/featured_69dcd2ba03d1d.webp,https://byrappasilks.in/shop/handloom_tussar_saree_seafoam_green_pastel_pink_aa201577,696,000696.webp,True
Handloom Kora Saree Lemon Yellow AA201736,AA201736,0,14995,13698,https://byrappasilk.in/storage/products/featured/featured_69de348ae1e98.webp,https://byrappasilks.in/shop/handloom_kora_saree_lemon_yellow_aa201736,697,000697.webp,True
Handloom Kora Saree Lemon Orange & Red AA201736,AA201736,0,14995,13698,https://byrappasilk.in/storage/products/featured/featured_69de340a26aae.webp,https://byrappasilks.in/shop/handloom_kora_saree_lemon_orange_red_aa201736,698,000698.webp,True
Handloom Kora Saree Yellow AA201736,AA201736,0,14995,13698,https://byrappasilk.in/storage/products/featured/featured_69de34692c4de.webp,https://byrappasilks.in/shop/handloom_kora_saree_yellow_aa201736,699,000699.webp,True
Pure Kanchipuram saree Brocade Design AA204199,AA204199,0,21995,20093,https://byrappasilk.in/storage/products/featured/featured_69df201cc58c2.webp,https://byrappasilks.in/shop/pure_kanchipuram_saree_brocade_design_aa204199,700,000700.webp,True
Linen White with Floral Designs AA201589,AA201589,0,8995,8216,https://byrappasilk.in/storage/products/featured/featured_69df2a660b63f.webp,https://byrappasilks.in/shop/linen_white_with_floral_designs_aa201589,701,000701.webp,True
Cocktail Saree Printed Crape AA202718,AA202718,1,11995,10958,https://byrappasilk.in/storage/products/featured/featured_69e0ab6144d52.webp,https://byrappasilks.in/shop/cocktail_saree_printed_crape_aa202718,702,000702.webp,True
Pure Organza Chikankari Floral White & Peach-Pink AA203564,AA203564,1,9995,9131,https://byrappasilk.in/storage/products/featured/featured_69e2278272e9e.webp,https://byrappasilks.in/shop/pure_organza_chikankari_floral_white_peach_pink_aa203564,703,000703.webp,True
Pure Organza Chikankari Floral White & Candy Pink AA203564,AA203564,1,9995,9131,https://byrappasilk.in/storage/products/featured/featured_69e2285f6dad2.webp,https://byrappasilks.in/shop/pure_organza_chikankari_floral_white_candy_pink_aa203564,704,000704.webp,True
Tussar Saree With Bandhani Print Mint Green AA205142,AA205142,0,14995,13698,https://byrappasilk.in/storage/products/featured/featured_69e26840624e3.webp,https://byrappasilks.in/shop/tussar_saree_with_bandhani_print_mint_green_aa205142,705,000705.webp,True
Pure Organza Chikankari Floral Cream To Lemon Yellow AA203564,AA203564,0,9995,9131,https://byrappasilk.in/storage/products/featured/featured_69e325e8dee3f.webp,https://byrappasilks.in/shop/pure_organza_chikankari_floral_cream_to_lemon_yellow_aa203564,706,000706.webp,True
Pure Organza Chikankari Floral Mint Green & Lavender QS306192,QS306192,1,7995,7304,https://byrappasilk.in/storage/products/featured/featured_69e3299b07e74.webp,https://byrappasilks.in/shop/pure_organza_chikankari_floral_mint_green_lavender_qs306192,707,000707.webp,True
Pure Organza Chikankari Floral Pastel Mint To lalic QS306206,QS306206,1,7995,7304,https://byrappasilk.in/storage/products/featured/featured_69e32bb6a5ef2.webp,https://byrappasilks.in/shop/pure_organza_chikankari_floral_pastel_mint_to_lalic_qs306206,708,000708.webp,True
Pure Organza Chikankari Floral Yellow & Peach QS306206,QS306206,0,7995,7304,https://byrappasilk.in/storage/products/featured/featured_69e32cc9447f1.webp,https://byrappasilks.in/shop/pure_organza_chikankari_floral_yellow_peach_qs306206,709,000709.webp,True
Cocktail Party Wear Pink AS200027,AS200027,0,16995,15525,https://byrappasilk.in/storage/products/featured/featured_69e4e90b536a4.webp,https://byrappasilks.in/shop/cocktail_party_wear_pink_as200027,710,000710.webp,True
Kathan Banaras Saree Coffee Brown AA205129,AA205129,0,14995,13698,https://byrappasilk.in/storage/products/featured/featured_69e5ddbdd22e3.webp,https://byrappasilks.in/shop/kathan_banaras_saree_coffee_brown_aa205129,711,000711.webp,True
Kathan Banaras Saree Olive Green AA205129,AA205129,0,14995,13698,https://byrappasilk.in/storage/products/featured/featured_69e5e30dae33e.webp,https://byrappasilks.in/shop/kathan_banaras_saree_olive_green_aa205129,712,000712.webp,True
Kathan Banaras Saree Deep Purple AA205129,AA205129,0,14995,13698,https://byrappasilk.in/storage/products/featured/featured_69e5e3a7675e1.webp,https://byrappasilks.in/shop/kathan_banaras_saree_deep_purple_aa205129,713,000713.webp,True
Semi Tussar Saree ink Blue AA206403,AA206403,2,2395,2188,https://byrappasilk.in/storage/products/featured/featured_69e7c803674e8.webp,https://byrappasilks.in/shop/semi_tussar_saree_ink_blue_aa206403,714,000714.webp,True
Semi Tussar Saree Crimson Red AA206403,AA206403,0,2395,2188,https://byrappasilk.in/storage/products/featured/featured_69e7c89659300.webp,https://byrappasilks.in/shop/semi_tussar_saree_crimson_red_aa206403,715,000715.webp,True
Semi Tussar Saree Mauve Purple AA206403,AA206403,0,2395,2188,https://byrappasilk.in/storage/products/featured/featured_69e82e872cf21.webp,https://byrappasilks.in/shop/semi_tussar_saree_mauve_purple_aa206403,716,000716.webp,True
Semi Tussar Saree Mustard Yellow AA206403,AA206403,3,2395,2188,https://byrappasilk.in/storage/products/featured/featured_69e88117cd2f8.webp,https://byrappasilks.in/shop/semi_tussar_saree_mustard_yellow_aa206403,717,000717.webp,True
Semi Tussar Saree Dark Green AA206403,AA206403,0,2395,2188,https://byrappasilk.in/storage/products/featured/featured_69e885ef44469.webp,https://byrappasilks.in/shop/semi_tussar_saree_dark_green_aa206403,718,000718.webp,True
Semi Tussar Saree tard Rani Pink AA206403,AA206403,3,2395,2188,https://byrappasilk.in/storage/products/featured/featured_69e886875db60.webp,https://byrappasilks.in/shop/semi_tussar_saree_tard_rani_pink_aa206403,719,000719.webp,True
Semin Tussar Saree Mauve Pink AA206390,AA206390,0,2595,2371,https://byrappasilk.in/storage/products/featured/featured_69e9d5328f45a.webp,https://byrappasilks.in/shop/semin_tussar_saree_mauve_pink_aa206390,720,000720.webp,True
Semi Tussar Saree Steel Grey AA206390,AA206390,0,2595,2371,https://byrappasilk.in/storage/products/featured/featured_69e9d61b7e24b.webp,https://byrappasilks.in/shop/semi_tussar_saree_steel_grey_aa206390,721,000721.webp,True
Semi Tussar Saree Terracotta Copper AA206390,AA206390,0,2595,2371,https://byrappasilk.in/storage/products/featured/featured_69e9d78dbc9a6.webp,https://byrappasilks.in/shop/semi_tussar_saree_terracotta_copper_aa206390,722,000722.webp,True
Semi Tussar Saree Metallic Coffee Brown AA206390,AA206390,0,2595,2371,https://byrappasilk.in/storage/products/featured/featured_69e9d88e5bc85.webp,https://byrappasilks.in/shop/semi_tussar_saree_metallic_coffee_brown_aa206390,723,000723.webp,True
Semi Tussar Saree Olive Green AA206390,AA206390,0,2595,2371,https://byrappasilk.in/storage/products/featured/featured_69e9d9a001f5f.webp,https://byrappasilks.in/shop/semi_tussar_saree_olive_green_aa206390,724,000724.webp,True
Semi Tussar Saree Teal Blue AA206390,AA206390,0,2595,2371,https://byrappasilk.in/storage/products/featured/featured_69e9dbdca52e9.webp,https://byrappasilks.in/shop/semi_tussar_saree_teal_blue_aa206390,725,000725.webp,True
Pure Handloom Tussar Saree Dusty Rose QS318759,QS318759,0,11665,10656,https://byrappasilk.in/storage/products/featured/featured_69eb5a182612c.webp,https://byrappasilks.in/shop/pure_handloom_tussar_saree_dusty_rose_qs318759,726,000726.webp,True
Pure Handloom Tussar Saree Metallic Olive QS318759,QS318759,0,11665,10656,https://byrappasilk.in/storage/products/featured/featured_69eb5b32de4cd.webp,https://byrappasilks.in/shop/pure_handloom_tussar_saree_metallic_olive_qs318759,727,000727.webp,True
Semi Tussar Saree Peach Multi-Colour Striped Border AA206381,AA206381,0,1795,1640,https://byrappasilk.in/storage/products/featured/featured_69ec5e8a7f7b1.webp,https://byrappasilks.in/shop/semi_tussar_saree_peach_multi_colour_striped_border_aa206381,728,000728.webp,True
Semi Tussar Saree Beige Multi-Colour Striped Border AA206381,AA206381,0,1795,1640,https://byrappasilk.in/storage/products/featured/featured_69ec60839ab87.webp,https://byrappasilks.in/shop/semi_tussar_saree_beige_multi_colour_striped_border_aa206381,729,000729.webp,True
Semi Tussar Saree Candy Pink Multi-Colour Striped Border AA206381,AA206381,0,1795,1640,https://byrappasilk.in/storage/products/featured/featured_69ec63ca4992c.webp,https://byrappasilks.in/shop/semi_tussar_saree_candy_pink_multi_colour_striped_border_aa206381_1,730,000730.webp,True
Semi Tussar Saree Sky Blue Multi-Colour Striped Border AA206381,AA206381,0,1795,1640,https://byrappasilk.in/storage/products/featured/featured_69ec6455d7cf7.webp,https://byrappasilks.in/shop/semi_tussar_saree_sky_blue_multi_colour_striped_border_aa206381,731,000731.webp,True
Semi Tussar Saree Lavender Pink Multi-Colour Striped Border AA206381,AA206381,0,1795,1640,https://byrappasilk.in/storage/products/featured/featured_69ec9f0d97df4.webp,https://byrappasilks.in/shop/semi_tussar_saree_lavender_pink_multi_colour_striped_border_aa206381,732,000732.webp,True
Linen Saree With White & Black Temple Border AA207923,AA207923,0,5995,5477,https://byrappasilk.in/storage/products/featured/featured_69ecc384da0dd.webp,https://byrappasilks.in/shop/linen_saree_with_white_black_temple_border_aa207923,733,000733.webp,True
Khaddhi Georgette Saree Sky Blue & Yellow AS200131,AS200131,0,3995,3650,https://byrappasilk.in/storage/products/featured/featured_69ef197653802.webp,https://byrappasilks.in/shop/khaddhi_georgette_saree_sky_blue_yellow_as200131,734,000734.webp,True
Khaddhi Georgette Saree Yellow & Sky Blue AS200131,AS200131,1,3995,3650,https://byrappasilk.in/storage/products/featured/featured_69ef1b157cdad.webp,https://byrappasilks.in/shop/khaddhi_georgette_saree_yellow_sky_blue_as200131,735,000735.webp,True
Semi Tussar Saree Peach Colour AA206740,AA206740,-1,2495,2280,https://byrappasilk.in/storage/products/featured/featured_69f04c4a13874.webp,https://byrappasilks.in/shop/semi_tussar_saree_peach_colour_aa206740,736,000736.webp,True
Semi Tussar Saree Cream Colour AA206740,AA206740,1,2495,2280,https://byrappasilk.in/storage/products/featured/featured_69f04e5d311ca.webp,https://byrappasilks.in/shop/semi_tussar_saree_cream_colour_aa206740,737,000737.webp,True
Semi Tussar Saree Blush Pink Colour AA206740,AA206740,0,2495,2280,https://byrappasilk.in/storage/products/featured/featured_69f04f1473318.webp,https://byrappasilks.in/shop/semi_tussar_saree_blush_pink_colour_aa206740,738,000738.webp,True
Semi Tussar Saree Pista Green Colour AA206740,AA206740,1,2495,2280,https://byrappasilk.in/storage/products/featured/featured_69f04f94250d4.webp,https://byrappasilks.in/shop/semi_tussar_saree_pista_green_colour_aa206740,739,000739.webp,True
Banarasi Saree Leheriya Print Ruby Red & Pink QS319403,QS319403,0,4995,4563,https://byrappasilk.in/storage/products/featured/featured_69f0559246ed7.webp,https://byrappasilks.in/shop/banarasi_saree_leheriya_print_ruby_red_pink_qs319403,740,000740.webp,True
Banarasi Saree Leheriya Print Dual-Tone Teal & Slate Blue QS319403,QS319403,0,4995,4563,https://byrappasilk.in/storage/products/featured/featured_69f056bbe749e.webp,https://byrappasilks.in/shop/banarasi_saree_leheriya_print_dual_tone_teal_slate_blue_qs319403,741,000741.webp,True
Banarasi Saree Leheriya Print Orange & Red QS319403,QS319403,0,4995,4563,https://byrappasilk.in/storage/products/featured/featured_69f064af7c78d.webp,https://byrappasilks.in/shop/banarasi_saree_leheriya_print_orange_red_qs319403_1,742,000742.webp,True
Banarasi Saree Leheriya Print Mustard & Lime Green QS319403,QS319403,0,4995,4563,https://byrappasilk.in/storage/products/featured/featured_69f066676c95c.webp,https://byrappasilks.in/shop/banarasi_saree_leheriya_print_mustard_lime_green_qs319403,743,000743.webp,True
Banarasi Saree Leheriya Print Steel Grey & Charcoal Black QS319403,QS319403,0,4295,3924,https://byrappasilk.in/storage/products/featured/featured_69f067a407e25.webp,https://byrappasilks.in/shop/banarasi_saree_leheriya_print_steel_grey_charcoal_black_qs319403,744,000744.webp,True
Banarasi Saree Leheriya Print Deep Purple & Lavender QS319400,QS319400,0,4295,3924,https://byrappasilk.in/storage/products/featured/featured_69f06975c06fd.webp,https://byrappasilks.in/shop/banarasi_saree_leheriya_print_deep_purple_lavender_qs319400,745,000745.webp,True
Semi Tussar Saree Deep Magenta Pink AA206669,AA206669,0,2495,2280,https://byrappasilk.in/storage/products/featured/featured_69f07b5555991.webp,https://byrappasilks.in/shop/semi_tussar_saree_deep_magenta_pink_aa206669,746,000746.webp,True
Semi Tussar Saree Green AA206669,AA206669,0,2495,2280,https://byrappasilk.in/storage/products/featured/featured_69f07cf8b8943.webp,https://byrappasilks.in/shop/semi_tussar_saree_green_aa206669,747,000747.webp,True
Semi Tussar Saree Midnight Blue AA206669,AA206669,0,2495,2280,https://byrappasilk.in/storage/products/featured/featured_69f07db2a4719.webp,https://byrappasilks.in/shop/semi_tussar_saree_midnight_blue_aa206669,748,000748.webp,True
Semi Tussar Saree Raspberry Pink AA206669,AA206669,0,2495,2280,https://byrappasilk.in/storage/products/featured/featured_69f07f4696e31.webp,https://byrappasilks.in/shop/semi_tussar_saree_raspberry_pink_aa206669,749,000749.webp,True
Semi Tussar Saree Yellow AA206669,AA206669,0,2495,2280,https://byrappasilk.in/storage/products/featured/featured_69f07f9a96603.webp,https://byrappasilks.in/shop/semi_tussar_saree_yellow_aa206669,750,000750.webp,True
Semi Tussar Saree Royal Mulberry Purple AA206669,AA206669,0,2495,2280,https://byrappasilk.in/storage/products/featured/featured_69f07ff605be5.webp,https://byrappasilks.in/shop/semi_tussar_saree_royal_mulberry_purple_aa206669,751,000751.webp,True
Linen Cotton Saree White & Sage Green QS312053,QS312053,0,1695,1549,https://byrappasilk.in/storage/products/featured/featured_69f0a9140f208.webp,https://byrappasilks.in/shop/linen_cotton_saree_white_sage_green_qs312053,752,000752.webp,True
Linen Cotton Saree Light Pink QS312053,QS312053,0,1695,1549,https://byrappasilk.in/storage/products/featured/featured_69f0a9e0656d3.webp,https://byrappasilks.in/shop/linen_cotton_saree_light_pink_qs312053,753,000753.webp,True
Linen Cotton Saree Candy Pink QS312053,QS312053,1,1695,1549,https://byrappasilk.in/storage/products/featured/featured_69f0aabd1ce65.webp,https://byrappasilks.in/shop/linen_cotton_saree_candy_pink_qs312053,754,000754.webp,True
Linen Cotton Saree Multi-Color Rainbow Stripe White Lace Border AA207958,AA207958,0,4895,4472,https://byrappasilk.in/storage/products/featured/featured_69f1943db6c6a.webp,https://byrappasilks.in/shop/linen_cotton_saree_multi_color_rainbow_stripe_white_lace_border_aa207958,755,000755.webp,True
Cotton Saree Black Bird Design AA207916,AA207916,0,5695,5203,https://byrappasilk.in/storage/products/featured/featured_69f4709549c4a.webp,https://byrappasilks.in/shop/cotton_saree_black_bird_design_aa207916,756,000756.webp,True
Cotton Saree Grey Muslin Bird Design AA207916,AA207916,0,5695,5203,https://byrappasilk.in/storage/products/featured/featured_69f472c0a5909.webp,https://byrappasilks.in/shop/cotton_saree_grey_muslin_bird_design_aa207916,757,000757.webp,True
Cotton Saree Maroon Bird Design AA207916,AA207916,0,5695,5203,https://byrappasilk.in/storage/products/featured/featured_69f4733c95475.webp,https://byrappasilks.in/shop/cotton_saree_maroon_bird_design_aa207916,758,000758.webp,True
Cotton Saree Olive Green Bird Design AA207916,AA207916,0,4695,4289,https://byrappasilk.in/storage/products/featured/featured_69f476a60a2f9.webp,https://byrappasilks.in/shop/cotton_saree_olive_green_bird_design_aa207916,759,000759.webp,True
Cotton Saree Brown Bird Design AA207916,Cotton Saree Brown Bird Design AA207916,0,4695,4289,https://byrappasilk.in/storage/products/featured/featured_69f477a7b6d31.webp,https://byrappasilks.in/shop/cotton_saree_brown_bird_design_aa207916,760,000760.webp,True
Cotton Saree Brown Bird Design AA207916,AA207916,0,4695,4289,https://byrappasilk.in/storage/products/featured/featured_69f4786974460.webp,https://byrappasilks.in/shop/cotton_saree_brown_bird_design_aa207916_1,761,000761.webp,True
Chiffon Saree Black With Mustard Yellow AA212183,AA212183,0,2995,2736,https://byrappasilk.in/storage/products/featured/featured_69fad72788bb8.webp,https://byrappasilks.in/shop/chiffon_saree_black_with_mustard_yellow_aa212183,762,000762.webp,True
Semi Tussar Saree Hand Work Beige & Vibrant Purple QS319126,QS319126,0,3295,3010,https://byrappasilk.in/storage/products/featured/featured_6a02d5d26a7c4.webp,https://byrappasilks.in/shop/semi_tussar_saree_hand_work_beige_vibrant_purple_qs319126,763,000763.webp,True
Semi Tussar Saree Hand Work Vibrant Pink & Purple Striped QS304130,QS304130,0,3295,3010,https://byrappasilk.in/storage/products/featured/featured_6a02da98da6f4.webp,https://byrappasilks.in/shop/semi_tussar_saree_hand_work_vibrant_pink_purple_striped_qs304130,764,000764.webp,True
Pure Mysore Silk Saree Sky Blue & Black AA207601,AA207601,0,14995,13698,https://byrappasilk.in/storage/products/featured/featured_6a02f7b13da76.webp,https://byrappasilks.in/shop/pure_mysore_silk_saree_sky_blue_black_aa207601,765,000765.webp,True
Pure Mysore Silk Saree Purple & Black AA207601,AA207601,0,14995,13698,https://byrappasilk.in/storage/products/featured/featured_6a02f88f6d54f.webp,https://byrappasilks.in/shop/pure_mysore_silk_saree_purple_black_aa207601,766,000766.webp,True
Pure Mysore Silk Saree Baby Pink & Royal Blue AA207601,AA207601,0,14995,13698,https://byrappasilk.in/storage/products/featured/featured_6a02faa3871c9.webp,https://byrappasilks.in/shop/pure_mysore_silk_saree_baby_pink_royal_blue_aa207601,767,000767.webp,True
Pure Mysore Silk Saree Royal Blue AA208568,AA208568,0,14665,13397,https://byrappasilk.in/storage/products/featured/featured_6a03e843acc4e.webp,https://byrappasilks.in/shop/pure_mysore_silk_saree_royal_blue_aa208568,768,000768.webp,True
Pure Mysore Silk Saree Yellow & Green AA208568,AA208568,0,14665,13397,https://byrappasilk.in/storage/products/featured/featured_6a03eacf2541a.webp,https://byrappasilks.in/shop/pure_mysore_silk_saree_yellow_green_aa208568,769,000769.webp,True
Pure Mysore Silk Saree Red & Black AA208568,AA208568,0,14665,13397,https://byrappasilk.in/storage/products/featured/featured_6a04062984fac.webp,https://byrappasilks.in/shop/pure_mysore_silk_saree_red_black_aa208568,770,000770.webp,True
Pure Mysore Silk Saree Orange & Brown AA208568,AA208568,0,14665,13397,https://byrappasilk.in/storage/products/featured/featured_6a043d114539b.webp,https://byrappasilks.in/shop/pure_mysore_silk_saree_orange_brown_aa208568,771,000771.webp,True
Pure Mysore Silk Saree Sea Green & Black AA208568,AA208568,0,14665,13397,https://byrappasilk.in/storage/products/featured/featured_6a043e12f2810.webp,https://byrappasilks.in/shop/pure_mysore_silk_saree_sea_green_black_aa208568,772,000772.webp,True
Pure Mysore Silk Saree Lavender & Deep Purple  AA208568,AA208568,0,14665,13397,https://byrappasilk.in/storage/products/featured/featured_6a043ec3d6010.webp,https://byrappasilks.in/shop/pure_mysore_silk_saree_lavender_deep_purple_aa208568,773,000773.webp,True
Pure Tussar Saree Floral Embroidery Wine QS285157,QS285157,0,19995,18266,https://byrappasilk.in/storage/products/featured/featured_6a0581bcd97c7.webp,https://byrappasilks.in/shop/pure_tussar_saree_floral_embroidery_wine_qs285157,774,000774.webp,True
Crape Silk Saree Deep Magenta & Soft Pink AA207719,AA207719,0,14995,13698,https://byrappasilk.in/storage/products/featured/featured_6a0583d556860.webp,https://byrappasilks.in/shop/crape_silk_saree_deep_magenta_soft_pink_aa207719,775,000775.webp,True
Crape Silk Saree Baby Pink & Orange AA207719,AA207719,0,14995,13698,https://byrappasilk.in/storage/products/featured/featured_6a05894953ea5.webp,https://byrappasilks.in/shop/crape_silk_saree_baby_pink_orange_aa207719,776,000776.webp,True
Crape Silk Saree White & Yellow AA207719,AA207719,0,14995,13698,https://byrappasilk.in/storage/products/featured/featured_6a058adb962ed.webp,https://byrappasilks.in/shop/crape_silk_saree_white_yellow_aa207719,777,000777.webp,True
Crape Silk Saree Off-White & Brown AA207703,AA207703,0,12665,11570,https://byrappasilk.in/storage/products/featured/featured_6a05988413ce6.webp,https://byrappasilks.in/shop/crape_silk_saree_off_white_brown_aa207703,778,000778.webp,True
Crape Silk Saree Black & Orange AA207703,AA207703,0,12665,11570,https://byrappasilk.in/storage/products/featured/featured_6a0598ef81936.webp,https://byrappasilks.in/shop/crape_silk_saree_black_orange_aa207703,779,000779.webp,True
Banarsi Saree Purple Colour  AA200944,AA200944,0,14995,13698,https://byrappasilk.in/storage/products/featured/featured_6a05a9f08c4cd.webp,https://byrappasilks.in/shop/banarsi_saree_purple_colour_aa200944,780,000780.webp,True
Banarsi Saree Pink Colour AA200944,AA200944,0,14995,13698,https://byrappasilk.in/storage/products/featured/featured_6a05aa68a1fd4.webp,https://byrappasilks.in/shop/banarsi_saree_pink_colour_aa200944,781,000781.webp,True
Printed Crape Saree Blue & White With Ready Blouse QS319227,QS319227,1,8995,8217,https://byrappasilk.in/storage/products/featured/featured_6a06c35c9cc0a.webp,https://byrappasilks.in/shop/printed_crape_saree_blue_white_with_ready_blouse_qs319227,782,000782.webp,True
Printed Crape Saree Deep Teal Blue With Ready Blouse QS315937,QS315937,1,6995,6390,https://byrappasilk.in/storage/products/featured/featured_6a06c58a34151.webp,https://byrappasilks.in/shop/printed_crape_saree_deep_teal_blue_with_ready_blouse_qs315937,783,000783.webp,True
Printed Crape Saree Yellow & White With Ready Blouse QS319222,QS319222,1,9665,8829,https://byrappasilk.in/storage/products/featured/featured_6a06c6cf2edde.webp,https://byrappasilks.in/shop/printed_crape_saree_yellow_white_with_ready_blouse_qs319222,784,000784.webp,True
Printed Crape Saree Green With Ready Blouse QS319232,QS319232,1,9995,9131,https://byrappasilk.in/storage/products/featured/featured_6a06d3aa707a6.webp,https://byrappasilks.in/shop/printed_crape_saree_green_with_ready_blouse_qs319232,785,000785.webp,True
Tissue Saree Lavender With Ready Blouse QW208762,QW208762,0,4495,4107,https://byrappasilk.in/storage/products/featured/featured_6a06e5cd69282.webp,https://byrappasilks.in/shop/tissue_saree_lavender_with_ready_blouse_qw208762,786,000786.webp,True
Pure Tussar Saree Kutch Work Beige AA204877,AA204877,1,15995,14612,https://byrappasilk.in/storage/products/featured/featured_6a43ad04c4dd5.webp,https://byrappasilks.in/shop/pure_tussar_saree_kutch_work_beige_aa204877,787,000787.webp,False
Pure Tussar Saree Kutch Work Beige AA204877,AA204877,1,15995,14612,https://byrappasilk.in/storage/products/featured/featured_6a43ac079c20d.webp,https://byrappasilks.in/shop/pure_tussar_saree_kutch_work_beige_aa204877_1,788,000788.webp,True
Pure Tussar Saree Kutch Work Beige AA204877,AA204877,1,15995,14612,https://byrappasilk.in/storage/products/featured/featured_6a43abc5a404e.webp,https://byrappasilks.in/shop/pure_tussar_saree_kutch_work_beige_aa204877_2,789,000789.webp,True
Pure Tussar Saree Kutch Work Beige QS304756,QS304756,-1,18995,17352,https://byrappasilk.in/storage/products/featured/featured_6a43aeae08c77.webp,https://byrappasilks.in/shop/pure_tussar_saree_kutch_work_beige_qs304756,790,000790.webp,True
Pure Linen Saree Off-White & Pastel Pink AA210459,AA210459,0,5995,5477,https://byrappasilk.in/storage/products/featured/featured_6a083ab809c7a.webp,https://byrappasilks.in/shop/pure_linen_saree_off_white_pastel_pink_aa210459,791,000791.webp,True
Pure Linen Saree Off-White & Sky Blue AA210459,AA210459,0,5995,5477,https://byrappasilk.in/storage/products/featured/featured_6a083b86f0aa1.webp,https://byrappasilks.in/shop/pure_linen_saree_off_white_sky_blue_aa210459,792,000792.webp,True
Pure Linen Saree Off-White & Pastel Green AA210459,AA210459,0,5995,5477,https://byrappasilk.in/storage/products/featured/featured_6a083c68617fe.webp,https://byrappasilks.in/shop/pure_linen_saree_off_white_pastel_green_aa210459,793,000793.webp,True
Pure Linen Saree Off-White & Lemon Yellow AA210459,AA210459,0,4995,4563,https://byrappasilk.in/storage/products/featured/featured_6a08405fb93e7.webp,https://byrappasilks.in/shop/pure_linen_saree_off_white_lemon_yellow_aa210459,794,000794.webp,True
Pure Kanchipuram saree Brocade Design AA204199,AA204199,0,21995,20093,https://byrappasilk.in/storage/products/featured/featured_6a08485205a5e.webp,https://byrappasilks.in/shop/pure_kanchipuram_saree_brocade_design_aa204199_1,795,000795.webp,True
Pure Kanchipuram Saree Brocade Design AA204199,AA204199,1,21995,20093,https://byrappasilk.in/storage/products/featured/featured_6a0849371aa1f.webp,https://byrappasilks.in/shop/pure_kanchipuram_saree_brocade_design_aa204199_2,796,000796.webp,True
Pure Linen Saree Pastel Pink Floral Printed AA210459,AA210459,0,3495,3193,https://byrappasilk.in/storage/products/featured/featured_6a084a66976f6.webp,https://byrappasilks.in/shop/pure_linen_saree_pastel_pink_floral_printed_aa210459,797,000797.webp,True
Tissue Banaras Saree Pastel Pink AA210369,AA210369,0,2895,2645,https://byrappasilk.in/storage/products/featured/featured_6a08668229ba4.webp,https://byrappasilks.in/shop/tissue_banaras_saree_pastel_pink_aa210369,798,000798.webp,True
Tissue Banaras Saree-AA210369,AA210369,1,2895,2645,https://byrappasilk.in/storage/products/featured/featured_6a086cb396923.webp,https://byrappasilks.in/shop/tissue_banaras_saree_aa210369,799,000799.webp,True
Tissue Banaras Saree-AA210369,AA210369,1,2895,2645,https://byrappasilk.in/storage/products/featured/featured_6a086d30e86de.webp,https://byrappasilks.in/shop/tissue_banaras_saree_aa210369_1,800,000800.webp,True
Tissue Banaras Saree-AA210369,AA210369,1,2895,2645,https://byrappasilk.in/storage/products/featured/featured_6a086d7e91c1a.webp,https://byrappasilks.in/shop/tissue_banaras_saree_aa210369_2,801,000801.webp,True
Tissue Banaras Saree-AA210369,AA210369,1,2895,2645,https://byrappasilk.in/storage/products/featured/featured_6a086de5622c4.webp,https://byrappasilks.in/shop/tissue_banaras_saree_aa210369_3,802,000802.webp,True
Pure Crape Silk Saree Red Black Border QS316983,QS316983,1,12665,11570,https://byrappasilk.in/storage/products/featured/featured_6a0924d2e71f0.webp,https://byrappasilks.in/shop/pure_crape_silk_saree_red_black_border_qs316983,803,000803.webp,True
Pure Mysore Silk Saree Checks Baby Pink With Pink Border AA207608,AA207608,0,13995,12785,https://byrappasilk.in/storage/products/featured/featured_6a0acd34b9f1e.webp,https://byrappasilks.in/shop/pure_mysore_silk_saree_checks_baby_pink_with_pink_border_aa207608,804,000804.webp,True
Pure Mysore Silk Saree Checks Black With Red Border AA207608,AA207608,0,13995,12785,https://byrappasilk.in/storage/products/featured/featured_6a0ace072f1c2.webp,https://byrappasilks.in/shop/pure_mysore_silk_saree_checks_black_with_red_border_aa207608,805,000805.webp,True
Pure Mysore Silk Saree Checks Yellow With Black Border AA207608,AA207608,2,13995,12785,https://byrappasilk.in/storage/products/featured/featured_6a0aced9919b8.webp,https://byrappasilks.in/shop/pure_mysore_silk_saree_checks_yellow_with_black_border_aa207608,806,000806.webp,True
Pure Mysore Silk Saree Checks Black With Orange Border AA207608,AA207608,0,13995,12785,https://byrappasilk.in/storage/products/featured/featured_6a0acf74e5ac0.webp,https://byrappasilks.in/shop/pure_mysore_silk_saree_checks_black_with_orange_border_aa207608,807,000807.webp,True
Satin Banarasi Red Saree with Gold Border  QS286872,QS286872,0,4695,4288,https://byrappasilk.in/storage/products/featured/featured_6a1575d89c597.webp,https://byrappasilks.in/shop/satin_banarasi_red_saree_with_gold_border_qs286872,808,000808.webp,True
Kanjeevaram Purple Pure Silk Saree 1GSM  AA208424,AA208424,1,19995,18265,https://byrappasilk.in/storage/products/featured/featured_6a0c5eee39e61.webp,https://byrappasilks.in/shop/kanjeevaram_purple_pure_silk_saree_1gsm_aa208424,809,000809.webp,True
Kanjeevaram Magenta Pure Silk Saree 1GSM AA208424,AA208424,1,19995,18265,https://byrappasilk.in/storage/products/featured/featured_6a0c5f2e337a9.webp,https://byrappasilks.in/shop/kanjeevaram_magenta_pure_silk_saree_1gsm_aa208424,810,000810.webp,True
Pure Tusser Saree Musted Yellow with Flower Design QS286870,QS286870,0,14995,13700,https://byrappasilk.in/storage/products/featured/featured_6a15728b535e1.webp,https://byrappasilks.in/shop/pure_tusser_saree_musted_yellow_with_flower_design_qs286870,811,000811.webp,True
Pure Tusser Saree Green with Flower Design  QS283085,QS283085,0,19995,18265,https://byrappasilk.in/storage/products/featured/featured_6a1572752ff54.webp,https://byrappasilks.in/shop/pure_tusser_saree_green_with_flower_design_qs283085,812,000812.webp,True
Pure Tusser  Saree Orange with Flower Design QS283085,QS283085,0,19995,18265,https://byrappasilk.in/storage/products/featured/featured_6a0eb4a973a0c.webp,https://byrappasilks.in/shop/pure_tusser_saree_orange_with_flower_design_qs283085,813,000813.webp,True
Pure Tusser Saree Black with Embroidery QS278730,QS278730,1,18995,17352,https://byrappasilk.in/storage/products/featured/featured_6a0eb5b15ace6.webp,https://byrappasilks.in/shop/pure_tusser_saree_black_with_embroidery_qs278730,814,000814.webp,True
Tissue Organza Half White with Pink  flower Design QS319275,QS319275,0,3895,3558,https://byrappasilk.in/storage/products/featured/featured_6a0eb7704fec3.webp,https://byrappasilks.in/shop/tissue_organza_half_white_with_pink_flower_design_qs319275,815,000815.webp,True
Tissue Organza Golden Saree with Flower Design QS319392,QS319392,0,3995,3649,https://byrappasilk.in/storage/products/featured/featured_6a0ecc3030cf1.webp,https://byrappasilks.in/shop/tissue_organza_golden_saree_with_flower_design_qs319392,816,000816.webp,True
Pure Linen Saree Pastel Lavender with Floral Printed Saree AA211077,AA211077,-1,3495,3193,https://byrappasilk.in/storage/products/featured/featured_6a0ee2752b2eb.webp,https://byrappasilks.in/shop/pure_linen_saree_pastel_lavender_with_floral_printed_saree_aa211077,817,000817.webp,True
Kota Cotton Saree with Aplic work Elegant Being Organza Fabric with Black cut work floral Border AA211361,AA211361,0,3595,3284,https://byrappasilk.in/storage/products/featured/featured_6a1174d4c1c02.webp,https://byrappasilks.in/shop/kota_cotton_saree_with_aplic_work_elegant_being_organza_fabric_with_black_cut_work_floral_border_aa211361,818,000818.webp,True
Kota Cotton Saree with Aplic work Elegant Being Organza Fabric with Black Cut work floral Border AA211363,AA211363,1,3695,3375,https://byrappasilk.in/storage/products/featured/featured_6a11762a12a99.webp,https://byrappasilks.in/shop/kota_cotton_saree_with_aplic_work_elegant_being_organza_fabric_with_black_cut_work_floral_border_aa211363,819,000819.webp,True
Kota Cotton Saree with Aplic work Elegant Being Organza Fabric with Red Cut Work floral Border AA211363,AA211363,0,3695,3375,https://byrappasilk.in/storage/products/featured/featured_6a11770684cdf.webp,https://byrappasilks.in/shop/kota_cotton_saree_with_aplic_work_elegant_being_organza_fabric_with_red_cut_work_floral_border_aa211363,820,000820.webp,True
Kota Cotton Saree With Aplic Work Elegant Being Organza Fabric with Black Cut Work Floral border AA211365,AA211365,1,3495,3193,https://byrappasilk.in/storage/products/featured/featured_6a11782b499a4.webp,https://byrappasilks.in/shop/kota_cotton_saree_with_aplic_work_elegant_being_organza_fabric_with_black_cut_work_floral_border_aa211365,821,000821.webp,True
Kota Cotton Saree with Aplic Work Elegant Being Organza Fabric with Red Cut Work Floral Border AA211365,AA211365,1,3495,3193,https://byrappasilk.in/storage/products/featured/featured_6a1178d95152e.webp,https://byrappasilks.in/shop/kota_cotton_saree_with_aplic_work_elegant_being_organza_fabric_with_red_cut_work_floral_border_aa211365,822,000822.webp,True
Kadi Georgette Saree Yellow with Rama Green Border AA210874,AA210874,0,4600,2898,https://byrappasilk.in/storage/products/featured/featured_6a1190ddb966a.webp,https://byrappasilks.in/shop/kadi_georgette_saree_yellow_with_rama_green_border_aa210874,823,000823.webp,True
Kadi Georgette Saree Coffee Brown with Parrot Green AA210874,AA210874,1,4600,2898,https://byrappasilk.in/storage/products/featured/featured_6a1191851b962.webp,https://byrappasilks.in/shop/kadi_georgette_saree_coffee_brown_with_parrot_green_aa210874,824,000824.webp,True
Kadi Georgette Saree Dark Blue with Baby pink Border AA210874,AA210874,1,4600,2898,https://byrappasilk.in/storage/products/featured/featured_6a11921b7b60f.webp,https://byrappasilks.in/shop/kadi_georgette_saree_dark_blue_with_baby_pink_border_aa210874,825,000825.webp,True
Kadi Georgette Saree Musted Yellow with Dark Blue AA210874,AA210874,1,4600,2898,https://byrappasilk.in/storage/products/featured/featured_6a1192c683a03.webp,https://byrappasilks.in/shop/kadi_georgette_saree_musted_yellow_with_dark_blue_aa210874,826,000826.webp,True
Kadi Georgette Saree Orange with Coffee Brown AA210874,AA210874,0,4600,2898,https://byrappasilk.in/storage/products/featured/featured_6a11934cde532.webp,https://byrappasilks.in/shop/kadi_georgette_saree_orange_with_coffee_brown_aa210874,827,000827.webp,True
Kadi Georgette Saree Dark Blue with Rama Green Border AA210874,AA210874,1,4600,2898,https://byrappasilk.in/storage/products/featured/featured_6a11948fdf937.webp,https://byrappasilks.in/shop/kadi_georgette_saree_dark_blue_with_rama_green_border_aa210874,828,000828.webp,True
Kadi Georgette Saree Orange with Baby Pink AA210874,AA210874,0,4600,2898,https://byrappasilk.in/storage/products/featured/featured_6a1195847d131.webp,https://byrappasilks.in/shop/kadi_georgette_saree_orange_with_baby_pink_aa210874,829,000829.webp,True
Kadi Georgette Saree Rama Green with Yellow Border AA210874,AA210874,-1,4600,2898,https://byrappasilk.in/storage/products/featured/featured_6a11962a6a55f.webp,https://byrappasilks.in/shop/kadi_georgette_saree_rama_green_with_yellow_border_aa210874,830,000830.webp,True
Designer Fancy Saree with Navy Blue  Blouse AA211400,AA211400,0,5995,5485,https://byrappasilk.in/storage/products/featured/featured_6a158eabdfa6e.webp,https://byrappasilks.in/shop/designer_fancy_saree_with_navy_blue_blouse_aa211400,831,000831.webp,True
Designer Fancy Saree with Orange Blouse AA211400,AA211400,0,5995,5485,https://byrappasilk.in/storage/products/featured/featured_6a158e37303ee.webp,https://byrappasilks.in/shop/designer_fancy_saree_with_orange_blouse_aa211400,832,000832.webp,True
Bandhani Saree Dual Shade Multicolour With Red Ready Blouse AS200051,AS20001,-1,8995,8217,https://byrappasilk.in/storage/products/featured/featured_6a14321cabb8e.webp,https://byrappasilks.in/shop/bandhani_saree_dual_shade_multicolour_with_red_ready_blouse_as200051,833,000833.webp,True
Bandhani Saree Dual Shade Multicolour With Pink Ready Blouse AS200051,AS200051,1,8995,8217,https://byrappasilk.in/storage/products/featured/featured_6a143200b0b1d.webp,https://byrappasilks.in/shop/bandhani_saree_dual_shade_multicolour_with_pink_ready_blouse_as200051,834,000834.webp,True
Tissue Semi Kanchipuram Saree AA210413,AA210413,1,2995,2736,https://byrappasilk.in/storage/products/featured/featured_6a168d4fec518.webp,https://byrappasilks.in/shop/tissue_semi_kanchipuram_saree_aa210413,835,000835.webp,True
Tissue Semi Kanchipuram Saree AA210413,AA210413,1,2995,2736,https://byrappasilk.in/storage/products/featured/featured_6a16906699ca7.webp,https://byrappasilks.in/shop/tissue_semi_kanchipuram_saree_aa210413_1,836,000836.webp,True
Tissue Semi Kanchipuram Saree AA210413,AA210413,1,2995,2736,https://byrappasilk.in/storage/products/featured/featured_6a169114a246e.webp,https://byrappasilks.in/shop/tissue_semi_kanchipuram_saree_aa210413_2,837,000837.webp,True
Tissue Saree Hand Work QS316768,QS316768,1,4495,4107,https://byrappasilk.in/storage/products/featured/featured_6a180416a824e.webp,https://byrappasilks.in/shop/tissue_saree_hand_work_qs316768,838,000838.webp,True
Semi Kanchipuram Dual-Tone Wine AA209754,AA209754,1,3695,3376,https://byrappasilk.in/storage/products/featured/featured_6a1942d35340e.webp,https://byrappasilks.in/shop/semi_kanchipuram_dual_tone_wine_aa209754,839,000839.webp,True
Semi Kanchipuram Mustard Gold AA209875,AA209875,1,3995,3650,https://byrappasilk.in/storage/products/featured/featured_6a1944d83ec4a.webp,https://byrappasilks.in/shop/semi_kanchipuram_mustard_gold_aa209875,840,000840.webp,True
Semi Kanchipuram Deep Wine AA209672,AA209672,0,2995,2736,https://byrappasilk.in/storage/products/featured/featured_6a194ee3317de.webp,https://byrappasilks.in/shop/semi_kanchipuram_deep_wine_aa209672,841,000841.webp,True
Semi Tussar Saree Mustard Yellow AA212783,AA212783,-3,2595,2371,https://byrappasilk.in/storage/products/featured/featured_6a1a978c7e0e7.webp,https://byrappasilks.in/shop/semi_tussar_saree_mustard_yellow_aa212783,842,000842.webp,True
Semi Tussar Saree Pastel Green AA212783,AA212783,-6,2595,2371,https://byrappasilk.in/storage/products/featured/featured_6a1a990587c4b.webp,https://byrappasilks.in/shop/semi_tussar_saree_pastel_green_aa212783,843,000843.webp,True
Semi Tussar Saree Olive Green AA212783,AA212783,1,2595,2371,https://byrappasilk.in/storage/products/featured/featured_6a1a9a250951a.webp,https://byrappasilks.in/shop/semi_tussar_saree_olive_green_aa212783,844,000844.webp,True
Semi Tussar Saree Pastel Pink AA212783,AA212783,1,2595,2371,https://byrappasilk.in/storage/products/featured/featured_6a1a9c8945286.webp,https://byrappasilks.in/shop/semi_tussar_saree_pastel_pink_aa212783,845,000845.webp,True
Semi Tussar Saree Pastel Peach AA212783,AA212783,0,2595,2371,https://byrappasilk.in/storage/products/featured/featured_6a1a9d71eb9b6.webp,https://byrappasilks.in/shop/semi_tussar_saree_pastel_peach_aa212783,846,000846.webp,True
Semi Tussar Saree Olive Green AA212851,AA212851,0,2695,2462,https://byrappasilk.in/storage/products/featured/featured_6a1d31b5c9b3f.webp,https://byrappasilks.in/shop/semi_tussar_saree_olive_green_aa212851,847,000847.webp,True
Semi Tussar Saree Lavender Pink AA212851,AA212851,0,2695,2462,https://byrappasilk.in/storage/products/featured/featured_6a1d3793ec668.webp,https://byrappasilks.in/shop/semi_tussar_saree_lavender_pink_aa212851,848,000848.webp,True
Semi Tussar Saree Grey AA212851,AA212851,-3,2695,2462,https://byrappasilk.in/storage/products/featured/featured_6a1d38c003def.webp,https://byrappasilks.in/shop/semi_tussar_saree_grey_aa212851,849,000849.webp,True
Semi Tussar Saree Sky Blue Shade AA212851,AA212851,0,2695,2462,https://byrappasilk.in/storage/products/featured/featured_6a1d396d4be6b.webp,https://byrappasilks.in/shop/semi_tussar_saree_sky_blue_shade_aa212851,850,000850.webp,True
Semi Tussar Saree Turquoise Blue AA212851,AA212851,0,2695,2462,https://byrappasilk.in/storage/products/featured/featured_6a1d3a7c90e8d.webp,https://byrappasilks.in/shop/semi_tussar_saree_turquoise_blue_aa212851,851,000851.webp,True
Semi Tussar Saree Rose Pink AA212851,AA212851,0,2695,2462,https://byrappasilk.in/storage/products/featured/featured_6a1d3b1528fff.webp,https://byrappasilks.in/shop/semi_tussar_saree_rose_pink_aa212851,852,000852.webp,True
Chiffon Saree Pink With Mustard Yellow AA212183,AA212183,1,2995,2736,https://byrappasilk.in/storage/products/featured/featured_6a1d693380be6.webp,https://byrappasilks.in/shop/chiffon_saree_pink_with_mustard_yellow_aa212183,853,000853.webp,True
Cocktail Party Wear Elegant Champagne Beige Sequin Saree AA212503,AA212503,-3,2695,2462,https://byrappasilk.in/storage/products/featured/featured_6a1d87c9d09cc.webp,https://byrappasilks.in/shop/cocktail_party_wear_elegant_champagne_beige_sequin_saree_aa212503,854,000854.webp,True
Semi Tussar Saree Pastel Pink AA212828,AA212828,1,2495,2280,https://byrappasilk.in/storage/products/featured/featured_6a1e9dd6da390.webp,https://byrappasilks.in/shop/semi_tussar_saree_pastel_pink_aa212828,855,000855.webp,True
Semi Tussar Saree Lavender AA212828,AA212828,0,2495,2280,https://byrappasilk.in/storage/products/featured/featured_6a1e9d44d768a.webp,https://byrappasilks.in/shop/semi_tussar_saree_lavender_aa212828,856,000856.webp,True
Semi Tussar Saree Lavender Pink AA212828,AA212828,0,2495,2280,https://byrappasilk.in/storage/products/featured/featured_6a1eb4f59bb91.webp,https://byrappasilks.in/shop/semi_tussar_saree_lavender_pink_aa212828,857,000857.webp,True
Semi Tussar Saree Pastel Green AA212828,AA212828,1,2495,2280,https://byrappasilk.in/storage/products/featured/featured_6a1eb5b6deab4.webp,https://byrappasilks.in/shop/semi_tussar_saree_pastel_green_aa212828,858,000858.webp,True
Semi Tussar Saree Sky Blue AA212828,AA212828,0,2495,2280,https://byrappasilk.in/storage/products/featured/featured_6a1eb656c066f.webp,https://byrappasilks.in/shop/semi_tussar_saree_sky_blue_aa212828,859,000859.webp,True
Semi Tussar Saree Beige AA212828,AA212828,1,2495,2280,https://byrappasilk.in/storage/products/featured/featured_6a1eb6fc04276.webp,https://byrappasilks.in/shop/semi_tussar_saree_beige_aa212828,860,000860.webp,True
Linen Black Saree with White Butta  AA213060,AA213060,0,3900,2457,https://byrappasilk.in/storage/products/featured/featured_6a212a6b1c28a.webp,https://byrappasilks.in/shop/linen_black_saree_with_white_butta_aa213060,861,000861.webp,True
Linen Gray Saree with Green Shade with White Butta AA213060,AA213060,1,3900,2457,https://byrappasilk.in/storage/products/featured/featured_6a212b7648455.webp,https://byrappasilks.in/shop/linen_gray_saree_with_green_shade_with_white_butta_aa213060,862,000862.webp,True
Chiffon Elegant Off-White Saree AA207560,AA207560,-2,3995,3650,https://byrappasilk.in/storage/products/featured/featured_6a265d72d1005.webp,https://byrappasilks.in/shop/chiffon_elegant_off_white_saree_aa207560,863,000863.webp,True
Linen Geometric Print Floral Embroidery Saree AA213800,AA213800,-1,6495,5934,https://byrappasilk.in/storage/products/featured/featured_6a267dd9ee512.webp,https://byrappasilks.in/shop/linen_geometric_print_floral_embroidery_saree_aa213800,864,000864.webp,True
Pure Kanjivaram Saree Rama Green  with Black AA213869,AA213869,1,15995,14611,https://byrappasilk.in/storage/products/featured/featured_6a26bdd90c256.webp,https://byrappasilks.in/shop/pure_kanjivaram_saree_rama_green_with_black_aa213869,865,000865.webp,True
Pure Kanjivaram Saree Levander with Black Border AA213869,AA213869,1,15995,14611,https://byrappasilk.in/storage/products/featured/featured_6a26bf3adf2a3.webp,https://byrappasilks.in/shop/pure_kanjivaram_saree_levander_with_black_border_aa213869,866,000866.webp,True
Pure Kanjivaram Saree Purple with Black Border AA213869,AA213869,1,15995,14611,https://byrappasilk.in/storage/products/featured/featured_6a26bfe05d0df.webp,https://byrappasilks.in/shop/pure_kanjivaram_saree_purple_with_black_border_aa213869,867,000867.webp,True
Pure Mysore Silk Saree Royal Blue  AA213832,AA213832,0,13665,12483,https://byrappasilk.in/storage/products/featured/featured_6a26ca9e6a785.webp,https://byrappasilks.in/shop/pure_mysore_silk_saree_royal_blue_aa213832,868,000868.webp,True
Semi Tussar Saree Lavender AA212801,AA212801,0,2495,2280,https://byrappasilk.in/storage/products/featured/featured_6a27b368693f3.webp,https://byrappasilks.in/shop/semi_tussar_saree_lavender_aa212801,869,000869.webp,True
Linen Saree Pastel Mint Green With Ikkat Print Pallu AA213084,AA213084,0,3900,2457,https://byrappasilk.in/storage/products/featured/featured_6a27b6b1371f5.webp,https://byrappasilks.in/shop/linen_saree_pastel_mint_green_with_ikkat_print_pallu_aa213084,870,000870.webp,True
Linen Saree Light Pink With Ikkat Print Pallu AA213084,AA213084,0,3900,2457,https://byrappasilk.in/storage/products/featured/featured_6a27b76dbf6c3.webp,https://byrappasilks.in/shop/linen_saree_light_pink_with_ikkat_print_pallu_aa213084,871,000871.webp,True
Linen Saree Light Grey With Ikkat Print Pallu AA213084,AA213084,0,3900,2457,https://byrappasilk.in/storage/products/featured/featured_6a27b7ee7ffe0.webp,https://byrappasilks.in/shop/linen_saree_light_grey_with_ikkat_print_pallu_aa213084,872,000872.webp,True
Linen Saree Paste Pink AA213084,AA213084,0,3900,2457,https://byrappasilk.in/storage/products/featured/featured_6a27ba54ddd76.webp,https://byrappasilks.in/shop/linen_saree_paste_pink_aa213084,873,000873.webp,True
Linen Saree Pastel Mint Green AA213084,AA213084,0,3900,2457,https://byrappasilk.in/storage/products/featured/featured_6a27bba43fd5d.webp,https://byrappasilks.in/shop/linen_saree_pastel_mint_green_aa213084,874,000874.webp,True
Linen Cotton Saree White With Crimson Red AA300350,AA300350,1,5995,5477,https://byrappasilk.in/storage/products/featured/featured_6a28f6d2aa8d7.webp,https://byrappasilks.in/shop/linen_cotton_saree_white_with_crimson_red_aa300350,875,000875.webp,True
Linen Cotton Saree White With Blush Pink AA300350,AA300350,1,5995,5477,https://byrappasilk.in/storage/products/featured/featured_6a28f77781e7d.webp,https://byrappasilks.in/shop/linen_cotton_saree_white_with_blush_pink_aa300350,876,000876.webp,True
Linen Cotton Saree White With Deep Pink AA300350,AA300350,0,5995,5477,https://byrappasilk.in/storage/products/featured/featured_6a28faff55186.webp,https://byrappasilks.in/shop/linen_cotton_saree_white_with_deep_pink_aa300350,877,000877.webp,True
Linen Cotton Saree White With Violet  Purple AA300350,AA300350,1,5995,5477,https://byrappasilk.in/storage/products/featured/featured_6a28fbf09f1bb.webp,https://byrappasilks.in/shop/linen_cotton_saree_white_with_violet_purple_aa300350,878,000878.webp,True
Linen Cotton Saree White With Black AA300350,AA300350,0,5995,5477,https://byrappasilk.in/storage/products/featured/featured_6a2907e625ea0.webp,https://byrappasilks.in/shop/linen_cotton_saree_white_with_black_aa300350,879,000879.webp,True
Linen Cotton Saree White With Blue AA300350,AA300350,1,5995,5477,https://byrappasilk.in/storage/products/featured/featured_6a29130a7c930.webp,https://byrappasilks.in/shop/linen_cotton_saree_white_with_blue_aa300350,880,000880.webp,True
Linen Cotton Saree White With Purple Ombre AA300350,AA300350,1,5995,5477,https://byrappasilk.in/storage/products/featured/featured_6a29146c38545.webp,https://byrappasilks.in/shop/linen_cotton_saree_white_with_purple_ombre_aa300350,881,000881.webp,True
Linen Cotton Saree White With Sky Blue AA300350,AA300350,1,5995,5477,https://byrappasilk.in/storage/products/featured/featured_6a29178f2012e.webp,https://byrappasilks.in/shop/linen_cotton_saree_white_with_sky_blue_aa300350,882,000882.webp,True
Linen Cotton Saree White With Light Brown AA300350,AA300350,1,5995,5477,https://byrappasilk.in/storage/products/featured/featured_6a29197ca3ffe.webp,https://byrappasilks.in/shop/linen_cotton_saree_white_with_light_brown_aa300350,883,000883.webp,True
Linen Cotton Saree White With Wine Colour AA300350,AA300350,0,5995,5477,https://byrappasilk.in/storage/products/featured/featured_6a291aeae14a7.webp,https://byrappasilks.in/shop/linen_cotton_saree_white_with_wine_colour_aa300350,884,000884.webp,True
Semi Tussar Saree Cut Work Pastel Green AA212761,AA212761,1,7900,4148,https://byrappasilk.in/storage/products/featured/featured_6a2a76224dfff.webp,https://byrappasilks.in/shop/semi_tussar_saree_cut_work_pastel_green_aa212761,885,000885.webp,True
Semi Tussar Saree Cut Work Light Pink AA212761,AA212761,1,7900,4148,https://byrappasilk.in/storage/products/featured/featured_6a2a7897b9cf8.webp,https://byrappasilks.in/shop/semi_tussar_saree_cut_work_light_pink_aa212761,886,000886.webp,True
Semi Tussar Saree Cut Work Powder Blue AA212761,AA212761,2,7900,4148,https://byrappasilk.in/storage/products/featured/featured_6a2a790b536d0.webp,https://byrappasilks.in/shop/semi_tussar_saree_cut_work_powder_blue_aa212761,887,000887.webp,True
Semi Tussar Saree Cut Work Lime Green AA212761,AA212761,1,7900,4148,https://byrappasilk.in/storage/products/featured/featured_6a2a79789ce34.webp,https://byrappasilks.in/shop/semi_tussar_saree_cut_work_lime_green_aa212761,888,000888.webp,True
Semi Tussar Saree Cut Work Peach AA212761,AA212761,1,7900,4148,https://byrappasilk.in/storage/products/featured/featured_6a2a7a09ce285.webp,https://byrappasilks.in/shop/semi_tussar_saree_cut_work_peach_aa212761,889,000889.webp,True
Semi Tussar Saree Beige Floral Embroidery AA300263,AA300263,5,3595,3285,https://byrappasilk.in/storage/products/featured/featured_6a2a8d1be37b5.webp,https://byrappasilks.in/shop/semi_tussar_saree_beige_floral_embroidery_aa300263,890,000890.webp,True
Linen Geometric Print Floral Embroidery Saree AA213800,AA213800,0,6495,5934,https://byrappasilk.in/storage/products/featured/featured_6a2bb76f90b60.webp,https://byrappasilks.in/shop/linen_geometric_print_floral_embroidery_saree_aa213800_1,891,000891.webp,True
Kathan Banaras Saree Light Maroon AA205129,AA205129,0,14995,13698,https://byrappasilk.in/storage/products/featured/featured_6a2d46b184ab0.webp,https://byrappasilks.in/shop/kathan_banaras_saree_light_maroon_aa205129,892,000892.webp,True
Kathan Banaras Saree Royal Purple AA205129,AA205129,0,14995,13698,https://byrappasilk.in/storage/products/featured/featured_6a2d4756c3e04.webp,https://byrappasilks.in/shop/kathan_banaras_saree_royal_purple_aa205129,893,000893.webp,True
Cocktail Party Wear Elegant Turquoise Blue Sequin Saree AA212503,AA212503,0,2695,2462,https://byrappasilk.in/storage/products/featured/featured_6a2d578807557.webp,https://byrappasilks.in/shop/cocktail_party_wear_elegant_turquoise_blue_sequin_saree_aa212503,894,000894.webp,True
Cocktail Party Wear Elegant Magenta Pink Sequin Saree AA212503,AA212503,0,2695,2462,https://byrappasilk.in/storage/products/featured/featured_6a2d58565e5ca.webp,https://byrappasilks.in/shop/cocktail_party_wear_elegant_magenta_pink_sequin_saree_aa212503,895,000895.webp,True
Cocktail Party Wear Mustard Yellow Sequin Saree AA212503,AA212503,1,2695,2462,https://byrappasilk.in/storage/products/featured/featured_6a2d5a35b5263.webp,https://byrappasilks.in/shop/cocktail_party_wear_mustard_yellow_sequin_saree_aa212503,896,000896.webp,True
Pure Kanchipuram Saree AA300423,AA300423,1,29995,27401,https://byrappasilk.in/storage/products/featured/featured_6a2fbd73aebe2.webp,https://byrappasilks.in/shop/pure_kanchipuram_saree_aa300423,897,000897.webp,True
Georgette Sea Green Saree AA300817,AA300817,0,4900,2573,https://byrappasilk.in/storage/products/featured/featured_6a31353e7f238.webp,https://byrappasilks.in/shop/georgette_sea_green_saree_aa300817,898,000898.webp,True
Georgette Mint Green saree AA300817,AA300817,-2,4900,2573,https://byrappasilk.in/storage/products/featured/featured_6a31411808111.webp,https://byrappasilks.in/shop/georgette_mint_green_saree_aa300817,899,000899.webp,True
Georgette Orange Saree AA300817,AA300817,2,4900,2573,https://byrappasilk.in/storage/products/featured/featured_6a3142c79d19d.webp,https://byrappasilks.in/shop/georgette_orange_saree_aa300817,900,000900.webp,True
Georgette Vibrant Yellow Saree AA300817,AA300817,0,4900,2573,https://byrappasilk.in/storage/products/featured/featured_6a314378dd806.webp,https://byrappasilks.in/shop/georgette_vibrant_yellow_saree_aa300817,901,000901.webp,True
Georgette Navy Blue Saree AA300817,AA300817,2,4900,2573,https://byrappasilk.in/storage/products/featured/featured_6a31442d46e90.webp,https://byrappasilks.in/shop/georgette_navy_blue_saree_aa300817,902,000902.webp,True
Cocktail Party Wear Elegant Pastel Pink Sequin Saree AA212503,AA212503,3,2695,2462,https://byrappasilk.in/storage/products/featured/featured_6a3229e93dde7.webp,https://byrappasilks.in/shop/cocktail_party_wear_elegant_pastel_pink_sequin_saree_aa212503,903,000903.webp,True
Cocktail Party Wear Elegant Mint Green Sequin Saree AA212503,AA212503,7,2695,2462,https://byrappasilk.in/storage/products/featured/featured_6a322dbedf05e.webp,https://byrappasilks.in/shop/cocktail_party_wear_elegant_mint_green_sequin_saree_aa212503,904,000904.webp,True
Cocktail Party Wear Elegant Pastel Blue Sequin Saree AA212503,AA212503,5,2695,2462,https://byrappasilk.in/storage/products/featured/featured_6a322fa792d42.webp,https://byrappasilks.in/shop/cocktail_party_wear_elegant_pastel_blue_sequin_saree_aa212503,905,000905.webp,True
Cocktail Party Wear Elegant Red Sequin Saree AA212503,AA212503,5,2695,2462,https://byrappasilk.in/storage/products/featured/featured_6a32357c13bb7.webp,https://byrappasilks.in/shop/cocktail_party_wear_elegant_red_sequin_saree_aa212503,906,000906.webp,True
Cocktail Party Wear Elegant Lavender Sequin Saree AA212503,AA212503,5,2695,2462,https://byrappasilk.in/storage/products/featured/featured_6a323e0a8d4ae.webp,https://byrappasilks.in/shop/cocktail_party_wear_elegant_lavender_sequin_saree_aa212503,907,000907.webp,True
Georgette Pink saree AA300817,AA300817,2,4900,2573,https://byrappasilk.in/storage/products/featured/featured_6a324503b71cd.webp,https://byrappasilks.in/shop/georgette_pink_saree_aa300817,908,000908.webp,True
Georgette Lavender Saree AA300817,AA300817,2,4900,2573,https://byrappasilk.in/storage/products/featured/featured_6a324583a74f3.webp,https://byrappasilks.in/shop/georgette_lavender_saree_aa300817,909,000909.webp,True
Tissue saree Cream Colour Traditional Folk Art Pallu AA300343,AA300343,0,4500,2363,https://byrappasilk.in/storage/products/featured/featured_6a33eed16f76c.webp,https://byrappasilks.in/shop/tissue_saree_cream_colour_traditional_folk_art_pallu_aa300343,910,000910.webp,True
Tissue saree Metallic Dual-Tone Colour Traditional  Folk Art Pallu AA300343,AA300343,0,4500,2363,https://byrappasilk.in/storage/products/featured/featured_6a33f01624bdf.webp,https://byrappasilks.in/shop/tissue_saree_metallic_dual_tone_colour_traditional_folk_art_pallu_aa300343,911,000911.webp,True
Tissue Saree Vibrant Orange Colour Traditional Folk Art Pallu AA300343,AA300343,0,4500,2363,https://byrappasilk.in/storage/products/featured/featured_6a33f0a96d736.webp,https://byrappasilks.in/shop/tissue_saree_vibrant_orange_colour_traditional_folk_art_pallu_aa300343,912,000912.webp,True
Tissue Saree Pink Dual-Tone Colour Traditional Folk Art Pallu AA300343,AA300343,1,4500,2363,https://byrappasilk.in/storage/products/featured/featured_6a33f17b32a54.webp,https://byrappasilks.in/shop/tissue_saree_pink_dual_tone_colour_traditional_folk_art_pallu_aa300343,913,000913.webp,True
Tissue Saree Peach Pink Dual-Tone Colour Traditional Folk Art Pallu AA300343,AA300343,0,4500,2363,https://byrappasilk.in/storage/products/featured/featured_6a33f20928d9e.webp,https://byrappasilks.in/shop/tissue_saree_peach_pink_dual_tone_colour_traditional_folk_art_pallu_aa300343,914,000914.webp,True
Linen Saree Deep Maroon AA213084,AA213084,0,3900,2457,https://byrappasilk.in/storage/products/featured/featured_6a34eeebae47e.webp,https://byrappasilks.in/shop/linen_saree_deep_maroon_aa213084,915,000915.webp,True
Linen Saree Maroon AA213084,AA213084,0,3600,2268,https://byrappasilk.in/storage/products/featured/featured_6a34ef78c28df.webp,https://byrappasilks.in/shop/linen_saree_maroon_aa213084,916,000916.webp,True
Linen Saree Greyish Green AA213084,AA213084,0,3600,2268,https://byrappasilk.in/storage/products/featured/featured_6a34f06adecce.webp,https://byrappasilks.in/shop/linen_saree_greyish_green_aa213084,917,000917.webp,True
Linen Saree Deep Red AA213084,AA213084,-1,3600,2268,https://byrappasilk.in/storage/products/featured/featured_6a34f0f8b31e6.webp,https://byrappasilks.in/shop/linen_saree_deep_red_aa213084,918,000918.webp,True
Linen Saree Light Pink AA213084,AA213084,0,3600,2268,https://byrappasilk.in/storage/products/featured/featured_6a34f5756a430.webp,https://byrappasilks.in/shop/linen_saree_light_pink_aa213084,919,000919.webp,True
Linen Saree Pastel Mint Green Pink AA213084,AA213084,1,3600,2268,https://byrappasilk.in/storage/products/featured/featured_6a34f69b02eb0.webp,https://byrappasilks.in/shop/linen_saree_pastel_mint_green_pink_aa213084,920,000920.webp,True
Georgette Saree Orange With Gandaberunda Motif AA200321,AA200321,1,4900,2573,https://byrappasilk.in/storage/products/featured/featured_6a351af6c6835.webp,https://byrappasilks.in/shop/georgette_saree_orange_with_gandaberunda_motif_aa200321,921,000921.webp,True
Georgette Saree Pink With Gandaberunda Motif AA200321,AA200321,2,4900,2573,https://byrappasilk.in/storage/products/featured/featured_6a351b65d594a.webp,https://byrappasilks.in/shop/georgette_saree_pink_with_gandaberunda_motif_aa200321,922,000922.webp,True
Georgette Saree Yellow With Gandaberunda Motif  AA200321,AA200321,0,4900,-18374,https://byrappasilk.in/storage/products/featured/featured_6a351bfb88418.webp,https://byrappasilks.in/shop/georgette_saree_yellow_with_gandaberunda_motif_aa200321,923,000923.webp,True
Georgette Saree Peach With Gandaberunda Motif AA200321,AA200321,0,4900,2573,https://byrappasilk.in/storage/products/featured/featured_6a351cccefdd4.webp,https://byrappasilks.in/shop/georgette_saree_peach_with_gandaberunda_motif_aa200321,924,000924.webp,True
Georgette Saree Magenta With Gandaberunda Motif AA200321,AA200321,1,4900,2573,https://byrappasilk.in/storage/products/featured/featured_6a351eca669ad.webp,https://byrappasilks.in/shop/georgette_saree_magenta_with_gandaberunda_motif_aa200321,925,000925.webp,True
Georgette Saree Royal Purple With Gandaberunda Motif AA200321,AA200321,1,4900,2573,https://byrappasilk.in/storage/products/featured/featured_6a352c1475337.webp,https://byrappasilks.in/shop/georgette_saree_royal_purple_with_gandaberunda_motif_aa200321,926,000926.webp,True
Georgette Saree Turquoise Blue With Gandaberunda Motif AA200321,AA200321,0,4900,2573,https://byrappasilk.in/storage/products/featured/featured_6a3530fe99f05.webp,https://byrappasilks.in/shop/georgette_saree_turquoise_blue_with_gandaberunda_motif_aa200321,927,000927.webp,True
Georgette Saree Navy Blue With Gandaberunda Motif AA200321,AA200321,2,4900,2573,https://byrappasilk.in/storage/products/featured/featured_6a35332a307f8.webp,https://byrappasilks.in/shop/georgette_saree_navy_blue_with_gandaberunda_motif_aa200321,928,000928.webp,True
Georgette Saree Yellow With Gandaberunda Motif AA200321,AA200321,2,4900,2573,https://byrappasilk.in/storage/products/featured/featured_6a35339beeaa6.webp,https://byrappasilks.in/shop/georgette_saree_yellow_with_gandaberunda_motif_aa200321_2,929,000929.webp,True
Georgette Saree Lavender With Gandaberunda Motif AA200321,AA200321,1,4900,2573,https://byrappasilk.in/storage/products/featured/featured_6a3534093e08f.webp,https://byrappasilks.in/shop/georgette_saree_lavender_with_gandaberunda_motif_aa200321,930,000930.webp,True
Kora Banarasi Peacock Blue Saree AA301310,AA301310,1,11995,10958,https://byrappasilk.in/storage/products/featured/featured_6a3681db0ed15.webp,https://byrappasilks.in/shop/kora_banarasi_peacock_blue_saree_aa301310,931,000931.webp,True
Kora Banarasi Brown Saree AA301310,AA301310,0,11995,10958,https://byrappasilk.in/storage/products/featured/featured_6a36837d5522c.webp,https://byrappasilks.in/shop/kora_banarasi_brown_saree_aa301310,932,000932.webp,True
Kora Banarasi Royal Purple Saree AA301310,AA301310,0,11995,10958,https://byrappasilk.in/storage/products/featured/featured_6a3685242a82f.webp,https://byrappasilks.in/shop/kora_banarasi_royal_purple_saree_aa301310,933,000933.webp,True
Pure Tussar Saree Grey & Black AA301305,AA301305,0,16995,15525,https://byrappasilk.in/storage/products/featured/featured_6a38e784ebf9f.webp,https://byrappasilks.in/shop/pure_tussar_saree_grey_black_aa301305,934,000934.webp,True
Pure Tussar Saree Mauve & Pink Shaded AA301305,AA301305,0,16995,15525,https://byrappasilk.in/storage/products/featured/featured_6a38e7ef72036.webp,https://byrappasilks.in/shop/pure_tussar_saree_mauve_pink_shaded_aa301305,935,000935.webp,True
Pure Tussar Saree Mauve & Onion Pink Shaded AA301305,AA301305,0,16995,15525,https://byrappasilk.in/storage/products/featured/featured_6a38e8a596fe4.webp,https://byrappasilks.in/shop/pure_tussar_saree_mauve_onion_pink_shaded_aa301305,936,000936.webp,True
Pure Organza Saree Ivory AA301307,AA301307,1,14995,13698,https://byrappasilk.in/storage/products/featured/featured_6a3927d749e3e.webp,https://byrappasilks.in/shop/pure_organza_saree_ivory_aa301307,937,000937.webp,True
Pure Organza Saree Cream & Yellow AA301307,AA301307,1,14995,13698,https://byrappasilk.in/storage/products/featured/featured_6a39284785465.webp,https://byrappasilks.in/shop/pure_organza_saree_cream_yellow_aa301307,938,000938.webp,True
Pure Organza Saree Mint Green AA301307,AA301307,1,14995,13698,https://byrappasilk.in/storage/products/featured/featured_6a3928aa99fbd.webp,https://byrappasilks.in/shop/pure_organza_saree_mint_green_aa301307,939,000939.webp,True
Chiffon Saree Floral Print Vibrant Yellow QS308050,QS308050,0,6995,6390,https://byrappasilk.in/storage/products/featured/featured_6a3a6018e1d83.webp,https://byrappasilks.in/shop/chiffon_saree_floral_print_vibrant_yellow_qs308050,940,000940.webp,True
Chiffon Saree Floral Print Off-White QS308050,QS308050,0,4695,4289,https://byrappasilk.in/storage/products/featured/featured_6a3a60eb325bd.webp,https://byrappasilks.in/shop/chiffon_saree_floral_print_off_white_qs308050,941,000941.webp,True
Chiffon Saree Mustard Yellow Embroidery Border QS308050,QS308050,-2,3995,3650,https://byrappasilk.in/storage/products/featured/featured_6a3a61ba1f1b3.webp,https://byrappasilks.in/shop/chiffon_saree_mustard_yellow_embroidery_border_qs308050,942,000942.webp,True
Soft Silk Mustard yellow Saree AA301198,AA301198,0,12995,11871,https://byrappasilk.in/storage/products/featured/featured_6a3a6b2956071.webp,https://byrappasilks.in/shop/soft_silk_mustard_yellow_saree_aa301198,943,000943.webp,True
Soft Silk Mustard yellow Saree AA301198,AA301198,0,12995,11871,https://byrappasilk.in/storage/products/featured/featured_6a3a6b99bb0bd.webp,https://byrappasilks.in/shop/soft_silk_mustard_yellow_saree_aa301198_1,944,000944.webp,True
Soft Silk Mustard yellow Saree AA301198,AA302425,0,12995,11871,https://byrappasilk.in/storage/products/featured/featured_6a3cce0ab1ecd.webp,https://byrappasilks.in/shop/soft_silk_mustard_yellow_saree_aa301198_2,945,000945.webp,True
Soft Silk yellow Saree AA301198,AA301198,0,12995,11871,https://byrappasilk.in/storage/products/featured/featured_6a3cceac0312f.webp,https://byrappasilks.in/shop/soft_silk_yellow_saree_aa301198,946,000946.webp,True
Soft Silk yellow Saree AA301198,AA301198,0,12995,11871,https://byrappasilk.in/storage/products/featured/featured_6a3ccf0e0e831.webp,https://byrappasilks.in/shop/soft_silk_yellow_saree_aa301198_1,947,000947.webp,True
Soft Silk yellow Saree AA301198,AA301198,0,12995,11871,https://byrappasilk.in/storage/products/featured/featured_6a3ccf4f13866.webp,https://byrappasilks.in/shop/soft_silk_yellow_saree_aa301198_2,948,000948.webp,True
Pure Silk Cotton Ikkat Design AA300846,AA300846,1,7900,4148,https://byrappasilk.in/storage/products/featured/featured_6a3cd0f150d5a.webp,https://byrappasilks.in/shop/pure_silk_cotton_ikkat_design_aa300846,949,000949.webp,True
Pure Silk Cotton Ikkat Design AA300846,AA300846,1,7900,4148,https://byrappasilk.in/storage/products/featured/featured_6a3cd15af3886.webp,https://byrappasilks.in/shop/pure_silk_cotton_ikkat_design_aa300846_1,950,000950.webp,True
Pure Silk Cotton Ikkat Design AA300846,AA300846,1,7900,4148,https://byrappasilk.in/storage/products/featured/featured_6a3cd1968c41a.webp,https://byrappasilks.in/shop/pure_silk_cotton_ikkat_design_aa300846_2,951,000951.webp,True
Pure Organza Saree Black AA305951,AA305951,1,11665,10656,https://byrappasilk.in/storage/products/featured/featured_6a3d39554f811.webp,https://byrappasilks.in/shop/pure_organza_saree_black_aa305951,952,000952.webp,True
Pure Mysore Silk Saree Bottel Green AA306469,AA306469,0,11995,10958,https://byrappasilk.in/storage/products/featured/featured_6a3e3c68ce7d6.webp,https://byrappasilks.in/shop/pure_mysore_silk_saree_bottel_green_aa306469,953,000953.webp,True
Pure Mysore Silk Saree Royal Blue AA306469,AA306469,0,11995,10958,https://byrappasilk.in/storage/products/featured/featured_6a3e3ce37509f.webp,https://byrappasilks.in/shop/pure_mysore_silk_saree_royal_blue_aa306469,954,000954.webp,True
Pure Mysore Silk Saree Red AA306469,AA306469,0,11995,10958,https://byrappasilk.in/storage/products/featured/featured_6a3e3d5fa8d82.webp,https://byrappasilks.in/shop/pure_mysore_silk_saree_red_aa306469,955,000955.webp,True
Malai Chanderi Saree Pink AA305964,AA305964,1,5995,5477,https://byrappasilk.in/storage/products/featured/featured_6a3e6d1c9c6c5.webp,https://byrappasilks.in/shop/malai_chanderi_saree_pink_aa305964,956,000956.webp,True
Malai Chanderi Saree Orange AA305964,AA305964,1,5995,5477,https://byrappasilk.in/storage/products/featured/featured_6a3e6db7aab6d.webp,https://byrappasilks.in/shop/malai_chanderi_saree_orange_aa305964,957,000957.webp,True
Malai Chanderi Saree Deep Purple AA305964,AA305964,-2,5995,5477,https://byrappasilk.in/storage/products/featured/featured_6a3e795787101.webp,https://byrappasilks.in/shop/malai_chanderi_saree_deep_purple_aa305964,958,000958.webp,True
Pure Mysore Silk Saree Cream & Maroon AA306482,AA306482,1,13665,12483,https://byrappasilk.in/storage/products/featured/featured_6a3fa2335a63c.webp,https://byrappasilks.in/shop/pure_mysore_silk_saree_cream_maroon_aa306482,959,000959.webp,True
Malai Chanderi Saree Yellow AA305964,AA305964,0,5995,5477,https://byrappasilk.in/storage/products/featured/featured_6a3fa8260a855.webp,https://byrappasilks.in/shop/malai_chanderi_saree_yellow_aa305964,960,000960.webp,True
Malai Chanderi Saree Purple AA305964,AA305964,0,5995,5477,https://byrappasilk.in/storage/products/featured/featured_6a3faeab706ee.webp,https://byrappasilks.in/shop/malai_chanderi_saree_purple_aa305964,961,000961.webp,True
Malai Chanderi Saree Rich Wine AA305964,AA305964,1,5995,5477,https://byrappasilk.in/storage/products/featured/featured_6a3faf865e4b6.webp,https://byrappasilks.in/shop/malai_chanderi_saree_rich_wine_aa305964,962,000962.webp,True
Malai Chanderi Saree Red AA305964,AA305964,0,5995,5477,https://byrappasilk.in/storage/products/featured/featured_6a3fb0021582b.webp,https://byrappasilks.in/shop/malai_chanderi_saree_red_aa305964,963,000963.webp,True
Tissue Chanderi Saree Stripe Design AA305944,AA305944,1,5900,3098,https://byrappasilk.in/storage/products/featured/featured_6a3fc7a51e9c9.webp,https://byrappasilks.in/shop/tissue_chanderi_saree_stripe_design_aa305944,964,000964.webp,True
Fancy Saree Off-White AA306215,AA306215,2,12900,6773,https://byrappasilk.in/storage/products/featured/featured_6a3fe4f796f45.webp,https://byrappasilks.in/shop/fancy_saree_off_white_aa306215,965,000965.webp,True
Linen Cotton Saree AA307172,AA307172,0,4900,2573,https://byrappasilk.in/storage/products/featured/featured_6a3fef38e6518.webp,https://byrappasilks.in/shop/linen_cotton_saree_aa307172,966,000966.webp,True
Linen Cotton Saree AA307172,AA307172,-1,4900,2573,https://byrappasilk.in/storage/products/featured/featured_6a3fefee7b72d.webp,https://byrappasilks.in/shop/linen_cotton_saree_aa307172_1,967,000967.webp,True
Linen Cotton Saree AA307172,AA307172,0,4900,2573,https://byrappasilk.in/storage/products/featured/featured_6a420c98d48af.webp,https://byrappasilks.in/shop/linen_cotton_saree_aa307172_2,968,000968.webp,True
Linen Cotton Saree AA307172,AA307172,-4,4900,2573,https://byrappasilk.in/storage/products/featured/featured_6a420cd6f0afa.webp,https://byrappasilks.in/shop/linen_cotton_saree_aa307172_3,969,000969.webp,True
Linen Cotton Saree AA307172,AA307172,1,4900,2573,https://byrappasilk.in/storage/products/featured/featured_6a5b450aa5627.webp,https://byrappasilks.in/shop/linen_cotton_saree_aa307172_4,970,000970.webp,True
Linen Cotton Saree AA307172,AA307172,0,4900,2573,https://byrappasilk.in/storage/products/featured/featured_6a4257bfbe20f.webp,https://byrappasilks.in/shop/linen_cotton_saree_aa307172_5,971,000971.webp,True
Linen Cotton Saree AA307172,AA307172,1,4900,2573,https://byrappasilk.in/storage/products/featured/featured_6a5b456a283da.webp,https://byrappasilks.in/shop/linen_cotton_saree_aa307172_6,972,000972.webp,True
Pure Organza Turkish Aplique Shaded Design Saree AA305951,AA305951,1,11665,10656,https://byrappasilk.in/storage/products/featured/featured_6a4754258c408.webp,https://byrappasilks.in/shop/pure_organza_turkish_aplique_shaded_design_saree_aa305951_3,973,000973.webp,True
Pure Organza Turkish Aplique Shaded Design Saree AA305951,AA305951,1,11665,10656,https://byrappasilk.in/storage/products/featured/featured_6a4754b581b41.webp,https://byrappasilks.in/shop/pure_organza_turkish_aplique_shaded_design_saree_aa305951_2,974,000974.webp,True
Pure Organza Turkish Aplique Shaded Design Saree AA305951,AA305951,1,11665,10656,https://byrappasilk.in/storage/products/featured/featured_6a47551bae949.webp,https://byrappasilks.in/shop/pure_organza_turkish_aplique_shaded_design_saree_aa305951_1,975,000975.webp,True
Pure Organza Turkish Aplique Shaded Design Saree AA305951,AA305951,1,11665,10656,https://byrappasilk.in/storage/products/featured/featured_6a47554e2c4d4.webp,https://byrappasilks.in/shop/pure_organza_turkish_aplique_shaded_design_saree_aa305951,976,000976.webp,True
Semi Tussar Saree Beige AA310678,AA310678,0,5900,3098,https://byrappasilk.in/storage/products/featured/featured_6a4a9b6ce165a.webp,https://byrappasilks.in/shop/semi_tussar_saree_beige_aa310678,977,000977.webp,True
Pure Organza Saree Black AA310653,AA310653,1,8995,8217,https://byrappasilk.in/storage/products/featured/featured_6a4b7112d7611.webp,https://byrappasilks.in/shop/pure_organza_saree_black_aa310653,978,000978.webp,True
Pure Organza Saree White AA310653,AA310653,1,8995,8217,https://byrappasilk.in/storage/products/featured/featured_6a4b71c9bc305.webp,https://byrappasilks.in/shop/pure_organza_saree_white_aa310653,979,000979.webp,True
Pure Organza Saree pastel Pink AA307522,AA307522,1,9695,8857,https://byrappasilk.in/storage/products/featured/featured_6a4ba86caf69c.webp,https://byrappasilks.in/shop/pure_organza_saree_pastel_pink_aa307522,980,000980.webp,True
Printed Tussar saree Coffee Brown AA308951,AA308951,1,4500,2363,https://byrappasilk.in/storage/products/featured/featured_6a4baac52c648.webp,https://byrappasilks.in/shop/printed_tussar_saree_coffee_brown_aa308951,981,000981.webp,True
Printed Tussar Saree Purple AA308951,AA308951,0,4500,2363,https://byrappasilk.in/storage/products/featured/featured_6a4bab53a2a4a.webp,https://byrappasilks.in/shop/printed_tussar_saree_purple_aa308951,982,000982.webp,True
Pure Mysore Silk Crape Saree Red AA310740,AA310740,0,16995,15525,https://byrappasilk.in/storage/products/featured/featured_6a4d1edbcd337.webp,https://byrappasilks.in/shop/pure_mysore_silk_crape_saree_red_aa310740,983,000983.webp,True
Pure Mysore Silk Crape Saree Royal Blue AA310740,AA310740,0,16995,15525,https://byrappasilk.in/storage/products/featured/featured_6a4e4386df194.webp,https://byrappasilks.in/shop/pure_mysore_silk_crape_saree_royal_blue_aa310740,984,000984.webp,True
Pure Mysore Silk Crape Saree Navy Blue AA310740,AA310740,0,16995,15525,https://byrappasilk.in/storage/products/featured/featured_6a4e45f4b612e.webp,https://byrappasilks.in/shop/pure_mysore_silk_crape_saree_navy_blue_aa310740,985,000985.webp,True
Chiffon Saree Orange With Sequin Border AA310869,AA310869,0,5995,5477,https://byrappasilk.in/storage/products/featured/featured_6a50a11285260.webp,https://byrappasilks.in/shop/chiffon_saree_orange_with_sequin_border_aa310869,986,000986.webp,True
Chiffon Saree Red With Sequin Border AA310869,AA310869,1,5995,5477,https://byrappasilk.in/storage/products/featured/featured_6a50a54f10feb.webp,https://byrappasilks.in/shop/chiffon_saree_red_with_sequin_border_aa310869,987,000987.webp,True
Chiffon Saree Pink With Sequin Border AA310869,AA310869,1,5995,5477,https://byrappasilk.in/storage/products/featured/featured_6a51e2d6aaadd.webp,https://byrappasilks.in/shop/chiffon_saree_pink_with_sequin_border_aa310869,988,000988.webp,True
Floral Printed Crape Saree Pink QS310873,QS310873,1,6995,6477,https://byrappasilk.in/storage/products/featured/featured_6a51eba030544.webp,https://byrappasilks.in/shop/floral_printed_crape_saree_pink_qs310873,989,000989.webp,True
Designer Saree Pink AA306896,AA306896,1,13995,12785,https://byrappasilk.in/storage/products/featured/featured_6a528766dad1f.webp,https://byrappasilks.in/shop/designer_saree_pink_aa306896,990,000990.webp,True
Printed Crape Saree Black With Ready Blouse AA310947,AA310947,1,11665,10656,https://byrappasilk.in/storage/products/featured/featured_6a53a500707d9.webp,https://byrappasilks.in/shop/printed_crape_saree_black_with_ready_blouse_aa310947,991,000991.webp,True
Printed Crape Saree Black With Ready Blouse AA310947,AA310947,1,10995,10044,https://byrappasilk.in/storage/products/featured/featured_6a53a5f8bd1e0.webp,https://byrappasilks.in/shop/printed_crape_saree_black_with_ready_blouse_aa310947_1,992,000992.webp,True
Printed Crape Saree Lavender Floral With Ready Blouse AA310947,AA310947,1,10995,10044,https://byrappasilk.in/storage/products/featured/featured_6a549e57e1289.webp,https://byrappasilks.in/shop/printed_crape_saree_lavender_floral_with_ready_blouse_aa310947,993,000993.webp,True
Printed Crape Saree Pink Floral With Ready Blouse AA310947,AA310947,1,10995,10044,https://byrappasilk.in/storage/products/featured/featured_6a549ede192b0.webp,https://byrappasilks.in/shop/printed_crape_saree_pink_floral_with_ready_blouse_aa310947,994,000994.webp,True
Printed Crape Saree Black Floral With Ready Blouse AA310947,AA310947,1,9665,8829,https://byrappasilk.in/storage/products/featured/featured_6a549f9524fc8.webp,https://byrappasilks.in/shop/printed_crape_saree_black_floral_with_ready_blouse_aa310947,995,000995.webp,True
Pink Saree with 2 Designer Blouses Mustard Mirror Work Blouse & Matching Blouse AA311090,AA311090,5,9900,5198,https://byrappasilk.in/storage/products/featured/featured_6a54a442210f1.webp,https://byrappasilks.in/shop/pink_saree_with_2_designer_blouses_mustard_mirror_work_blouse_matching_blouse_aa311090,996,000996.webp,True
Floral Printed Polka Dot Crape Saree Black AA306044,AA306044,1,5995,5477,https://byrappasilk.in/storage/products/featured/featured_6a54ab1914c89.webp,https://byrappasilks.in/shop/floral_printed_polka_dot_crape_saree_black_aa306044,997,000997.webp,True
Floral Printed Crape Saree Mustard Yellow AA3110763,AA3110763,0,7600,3990,https://byrappasilk.in/storage/products/featured/featured_6a54aead0f6ee.webp,https://byrappasilks.in/shop/floral_printed_crape_saree_mustard_yellow_aa3110763,998,000998.webp,True
Patola Saree With Pink Floral Motifs AA311596,AA311596,0,29995,27401,https://byrappasilk.in/storage/products/featured/featured_6a55e82f6073c.webp,https://byrappasilks.in/shop/patola_saree_with_pink_floral_motifs_aa311596,999,000999.webp,True
Patola Saree With Vibrant Pink Body Floral Motifs AA311596,AA311596,0,29995,27401,https://byrappasilk.in/storage/products/featured/featured_6a55e93cc943c.webp,https://byrappasilks.in/shop/patola_saree_with_vibrant_pink_body_floral_motifs_aa311596,1000,001000.webp,True
Patola Silk Saree Magenta Pink AA311596,AA311598,1,27995,25574,https://byrappasilk.in/storage/products/featured/featured_6a55ea9186a4c.webp,https://byrappasilks.in/shop/patola_silk_saree_magenta_pink_aa311596,1001,001001.webp,True
Blush Pink Designer Saree With Ready Blouse AA310945,AA310945,1,10995,10044,https://byrappasilk.in/storage/products/featured/featured_6a55edbb2be05.webp,https://byrappasilks.in/shop/blush_pink_designer_saree_with_ready_blouse_aa310945,1002,001002.webp,True
Modal Saree With Mirror Work AA311565,AA311565,1,9995,9131,https://byrappasilk.in/storage/products/featured/featured_6a561e76a3204.webp,https://byrappasilks.in/shop/modal_saree_with_mirror_work_aa311565,1003,001003.webp,True
Modal Saree With Mirror Work  AA311565,AA311565,1,9995,9131,https://byrappasilk.in/storage/products/featured/featured_6a561f944ecba.webp,https://byrappasilks.in/shop/modal_saree_with_mirror_work_aa311565_1,1004,001004.webp,True
Modal Saree With Mirror Work AA311565,AA311565,1,9995,9131,https://byrappasilk.in/storage/products/featured/featured_6a5621379c73b.webp,https://byrappasilks.in/shop/modal_saree_with_mirror_work_aa311565_2,1005,001005.webp,True
Multicolour Abstract Print Saree with 2 Blouses Designer Pink Mirror Work Blouse & Matching Blouse AA311090,AA311090,0,9900,5198,https://byrappasilk.in/storage/products/featured/featured_6a57756d3612f.webp,https://byrappasilks.in/shop/multicolour_abstract_print_saree_with_2_blouses_designer_pink_mirror_work_blouse_matching_blouse_aa311090,1006,001006.webp,True
Printed Pink Saree with Designer Blouse AA311090,AA311090,1,6900,3623,https://byrappasilk.in/storage/products/featured/featured_6a5dc128a1264.webp,https://byrappasilks.in/shop/printed_pink_saree_with_designer_blouse_aa311090,1007,001007.webp,True
Floral Printed Crape Saree Pink AA306616,AA306616,1,11900,6248,https://byrappasilk.in/storage/products/featured/featured_6a587fd3e52d9.webp,https://byrappasilks.in/shop/floral_printed_crape_saree_pink_aa306616,1008,001008.webp,True
Pure Tussar Saree Peach & Cream Hand Printed AA308669,AA308669,1,8995,8217,https://byrappasilk.in/storage/products/featured/featured_6a58a49c80e8c.webp,https://byrappasilks.in/shop/pure_tussar_saree_peach_cream_hand_printed_aa308669,1009,001009.webp,True
Chanderi Saree Magenta Pink AA311777,AA311777,0,2500,1313,https://byrappasilk.in/storage/products/featured/featured_6a59de5542d2f.webp,https://byrappasilks.in/shop/chanderi_saree_magenta_pink_aa311777,1010,001010.webp,True
Chanderi Saree Grey AA311777,AA311777,0,2500,1313,https://byrappasilk.in/storage/products/featured/featured_6a59e02b7d93f.webp,https://byrappasilks.in/shop/chanderi_saree_grey_aa311777,1011,001011.webp,True
Pure kanchipuram Elegant Red With Antique Gold Border AA208462,AA208462,1,22995,21006,https://byrappasilk.in/storage/products/featured/featured_6a59e75bb655e.webp,https://byrappasilks.in/shop/pure_kanchipuram_elegant_red_with_antique_gold_border_aa208462,1012,001012.webp,True
Pure kanchipuram Yellow With Antique Gold Border AA208462,AA208462,1,21995,20093,https://byrappasilk.in/storage/products/featured/featured_6a59e89c74130.webp,https://byrappasilks.in/shop/pure_kanchipuram_yellow_with_antique_gold_border_aa208462,1013,001013.webp,True
Linen Cotton Saree AA307172,AA307172,-1,4900,2573,https://byrappasilk.in/storage/products/featured/featured_6a59ee41920a0.webp,https://byrappasilks.in/shop/linen_cotton_saree_aa307172_7,1014,001014.webp,True
Pure Tussar Saree Purple Colour AA310756,AA310756,0,15995,14612,https://byrappasilk.in/storage/products/featured/featured_6a5b2d0ec6eda.webp,https://byrappasilks.in/shop/pure_tussar_saree_purple_colour_aa310756,1015,001015.webp,True
Linen Cotton Saree AA307172,AA307172,0,4900,2573,https://byrappasilk.in/storage/products/featured/featured_6a5b426762667.webp,https://byrappasilks.in/shop/linen_cotton_saree_aa307172_8,1016,001016.webp,True
Linen Cotton Saree AA307172,AA307172,0,4900,2573,https://byrappasilk.in/storage/products/featured/featured_6a5b50c146b61.webp,https://byrappasilks.in/shop/linen_cotton_saree_aa307172_9,1017,001017.webp,True
Linen Cotton Saree AA307172,AA307172,0,4900,2573,https://byrappasilk.in/storage/products/featured/featured_6a5b512a68333.webp,https://byrappasilks.in/shop/linen_cotton_saree_aa307172_10,1018,001018.webp,True
Semi Tussar Saree Off White AA312343,AA312343,-1,2500,1313,https://byrappasilk.in/storage/products/featured/featured_6a608fabc960b.webp,https://byrappasilks.in/shop/semi_tussar_saree_off_white_aa312343,1019,001019.webp,True
Semi Tussar Saree Off White AA312343,AA312343,0,2500,1313,https://byrappasilk.in/storage/products/featured/featured_6a60912ad017b.webp,https://byrappasilks.in/shop/semi_tussar_saree_off_white_aa312343_1,1020,001020.webp,True
Handloom Satin Banaras Saree Dusty Rose AA313918,AA313918,1,25995,23747,https://byrappasilk.in/storage/products/featured/featured_6a6095e868679.webp,https://byrappasilks.in/shop/handloom_satin_banaras_saree_dusty_rose_aa313918,1021,001021.webp,True
Handloom Satin Banaras Saree Gray AA313918,AA313918,1,25995,23747,https://byrappasilk.in/storage/products/featured/featured_6a609b9cdee5f.webp,https://byrappasilks.in/shop/handloom_satin_banaras_saree_gray_aa313918,1022,001022.webp,True
Handloom Satin Banaras Saree Silver Gray AA313918,AA313918,1,25995,23747,https://byrappasilk.in/storage/products/featured/featured_6a609c5366ff4.webp,https://byrappasilks.in/shop/handloom_satin_banaras_saree_silver_gray_aa313918,1023,001023.webp,True
Handloom Satin Banaras Saree Black & White Stripped AA313918,AA313918,0,25995,23747,https://byrappasilk.in/storage/products/featured/featured_6a609f2408467.webp,https://byrappasilks.in/shop/handloom_satin_banaras_saree_black_white_stripped_aa313918,1024,001024.webp,True
Handloom Satin Banaras Saree Deep Maroon AA313918,AA313918,1,25995,23747,https://byrappasilk.in/storage/products/featured/featured_6a60a346c9914.webp,https://byrappasilks.in/shop/handloom_satin_banaras_saree_deep_maroon_aa313918,1025,001025.webp,True
Semi Kanchipuram Saree With Maroon Temple Border AS200572,AS200572,1,3400,1785,https://byrappasilk.in/storage/products/featured/featured_6a60d11aeed9b.webp,https://byrappasilks.in/shop/semi_kanchipuram_saree_with_maroon_temple_border_as200572,1026,001026.webp,True
Banarasi Saree Black AA313894,AA313894,5,7995,7304,https://byrappasilk.in/storage/products/featured/featured_6a60f6b100169.webp,https://byrappasilks.in/shop/banarasi_saree_black_aa313894,1027,001027.webp,True
Banarasi Saree Beige AA313894,AA313894,5,7995,7304,https://byrappasilk.in/storage/products/featured/featured_6a60f85f4e736.webp,https://byrappasilks.in/shop/banarasi_saree_beige_aa313894,1028,001028.webp,True
Banarasi Saree Mustard Yellow AA313894,AA313894,5,7995,7304,https://byrappasilk.in/storage/products/featured/featured_6a60f9c8d1d31.webp,https://byrappasilks.in/shop/banarasi_saree_mustard_yellow_aa313894,1029,001029.webp,True
Party Wear Saree Off-White AA310641,AA310641,1,5495,5020,https://byrappasilk.in/storage/products/featured/featured_6a61f9328a16d.webp,https://byrappasilks.in/shop/party_wear_saree_off_white_aa310641,1030,001030.webp,True
Party Wear Saree Pastel Pink AA310641,AA310641,0,5495,5020,https://byrappasilk.in/storage/products/featured/featured_6a6215616b31b.webp,https://byrappasilks.in/shop/party_wear_saree_pastel_pink_aa310641,1031,001031.webp,True
Mul Cotton Saree With Sequin Work Yellow AA313974,AA313974,0,1600,840,https://byrappasilk.in/storage/products/featured/featured_6a621a7fac4ed.webp,https://byrappasilks.in/shop/mul_cotton_saree_with_sequin_work_yellow_aa313974,1032,001032.webp,True
Mul Cotton Saree With Sequin Work Sage Gray AA313974,AA313974,-1,1600,840,https://byrappasilk.in/storage/products/featured/featured_6a621b2ec1795.webp,https://byrappasilks.in/shop/mul_cotton_saree_with_sequin_work_sage_gray_aa313974,1033,001033.webp,True
Mul Cotton Saree With Sequin Work Pink AA313974,AA313974,1,1600,840,https://byrappasilk.in/storage/products/featured/featured_6a621ce60c06c.webp,https://byrappasilks.in/shop/mul_cotton_saree_with_sequin_work_pink_aa313974,1034,001034.webp,True
Mul Cotton Saree With Sequin Work Magenta Pink,AA313974,-1,1600,840,https://byrappasilk.in/storage/products/featured/featured_6a621d90a5b5f.webp,https://byrappasilks.in/shop/mul_cotton_saree_with_sequin_work_magenta_pink,1035,001035.webp,True
Mul Cotton Saree With Sequin Work Teal Blue AA313974,AA313974,1,1600,840,https://byrappasilk.in/storage/products/featured/featured_6a621e43a414c.webp,https://byrappasilks.in/shop/mul_cotton_saree_with_sequin_work_teal_blue_aa313974,1036,001036.webp,True
Mul Cotton Saree With Sequin Work Olive Green AA313974,AA313974,-1,1600,840,https://byrappasilk.in/storage/products/featured/featured_6a621edc45a9b.webp,https://byrappasilks.in/shop/mul_cotton_saree_with_sequin_work_olive_green_aa313974,1037,001037.webp,True
Mul Cotton Saree With Sequin Work Rust Orange AA313974,AA313974,-1,1600,840,https://byrappasilk.in/storage/products/featured/featured_6a622096c3040.webp,https://byrappasilks.in/shop/mul_cotton_saree_with_sequin_work_rust_orange_aa313974,1038,001038.webp,True
Semi Tussar Black Saree AA312294,AA312294,0,2500,1313,https://byrappasilk.in/storage/products/featured/featured_6a636512cc718.webp,https://byrappasilks.in/shop/semi_tussar_black_saree_aa312294,1039,001039.webp,True
Pure Kanchipuram Saree Chocolate Brown AA301022,AA301022,1,21995,20093,https://byrappasilk.in/storage/products/featured/featured_6a6369d1c13ab.webp,https://byrappasilks.in/shop/pure_kanchipuram_saree_chocolate_brown_aa301022,1040,001040.webp,True
Pure Kanchipuram Saree Chocolate Brown AA301022,AA301022,1,27995,25574,https://byrappasilk.in/storage/products/featured/featured_6a636ad064bbc.webp,https://byrappasilks.in/shop/pure_kanchipuram_saree_chocolate_brown_aa301022_1,1041,001041.webp,True
Designer Saree With Ready Blouse Dule Tone Pink & White AA311909,AA311909,1,11995,10958,https://byrappasilk.in/storage/products/featured/featured_6a674f37ccac6.webp,https://byrappasilks.in/shop/designer_saree_with_ready_blouse_dule_tone_pink_white_aa311909,1042,001042.webp,True
Designer Saree With Ready Blouse Pastel Pink & Mint Green AA311909,AA311909,1,9665,8829,https://byrappasilk.in/storage/products/featured/featured_6a67511ee7b52.webp,https://byrappasilks.in/shop/designer_saree_with_ready_blouse_pastel_pink_mint_green_aa311909,1043,001043.webp,True
Designer Saree With Ready Blouse Brighten Yellow & Pink Dual-Tone Saree AA311909,AA311909,1,12995,11871,https://byrappasilk.in/storage/products/featured/featured_6a67531ddbc91.webp,https://byrappasilks.in/shop/designer_saree_with_ready_blouse_brighten_yellow_pink_dual_tone_saree_aa311909,1044,001044.webp,True
Designer Saree With Ready Blouse Lavender & Off-White Dual Tone AA311909,AA311909,1,11995,10958,https://byrappasilk.in/storage/products/featured/featured_6a6754382f279.webp,https://byrappasilks.in/shop/designer_saree_with_ready_blouse_lavender_off_white_dual_tone_aa311909,1045,001045.webp,True
Designer Saree With Ready Blouse Grey & Lilac Purple Dual Tone AA311909,AA311909,1,9995,9131,https://byrappasilk.in/storage/products/featured/featured_6a67571e2baa0.webp,https://byrappasilks.in/shop/designer_saree_with_ready_blouse_grey_lilac_purple_dual_tone_aa311909,1046,001046.webp,True
Pure Mysore Silk Saree Red With Gold Zari AA313636,AA313636,1,16665,15195,https://byrappasilk.in/storage/products/featured/featured_6a6880c83af1d.webp,https://byrappasilks.in/shop/pure_mysore_silk_saree_red_with_gold_zari_aa313636,1047,001047.webp,True
Pure Mysore Silk Saree Rich Maroon With Gold Zari AA313636,AA313636,0,16995,15525,https://byrappasilk.in/storage/products/featured/featured_6a688433d0d7f.webp,https://byrappasilks.in/shop/pure_mysore_silk_saree_rich_maroon_with_gold_zari_aa313636,1048,001048.webp,True
Pure Mysore Silk Saree Dark Teal Green With Gold Zari AA313636,AA313636,1,16995,15525,https://byrappasilk.in/storage/products/featured/featured_6a6885dec0385.webp,https://byrappasilks.in/shop/pure_mysore_silk_saree_dark_teal_green_with_gold_zari_aa313636,1049,001049.webp,True
Pure Mysore Silk Saree Royal Purple With Gold Zari AA313636,AA313636,1,16995,15525,https://byrappasilk.in/storage/products/featured/featured_6a6889839dc58.webp,https://byrappasilks.in/shop/pure_mysore_silk_saree_royal_purple_with_gold_zari_aa313636,1050,001050.webp,True
Pure Mysore Silk Saree Coffe Brown With Gold Zari AA313542,AA313542,1,14995,13698,https://byrappasilk.in/storage/products/featured/featured_6a688f9e977e5.webp,https://byrappasilks.in/shop/pure_mysore_silk_saree_coffe_brown_with_gold_zari_aa313542,1051,001051.webp,True
Pure Mysore Silk Saree Maroon With Gold Zari AA313542,AA313636,1,14995,13698,https://byrappasilk.in/storage/products/featured/featured_6a68909183ae0.webp,https://byrappasilks.in/shop/pure_mysore_silk_saree_maroon_with_gold_zari_aa313542,1052,001052.webp,True
Pure Mysore Silk Saree Rani Pink With Gold Zari AA313542,AA313542,1,14995,13698,https://byrappasilk.in/storage/products/featured/featured_6a6891d1f1c36.webp,https://byrappasilks.in/shop/pure_mysore_silk_saree_rani_pink_with_gold_zari_aa313542,1053,001053.webp,True
Pure Mysore Silk Saree Royal Blue With Gold Zari AA313515,AA313515,1,17995,16439,https://byrappasilk.in/storage/products/featured/featured_6a6896c267bea.webp,https://byrappasilks.in/shop/pure_mysore_silk_saree_royal_blue_with_gold_zari_aa313515,1054,001054.webp,True
Pure Mysore Silk Saree Red With Gold Zari AA313515,AA313515,1,17995,16439,https://byrappasilk.in/storage/products/featured/featured_6a6897d128e46.webp,https://byrappasilks.in/shop/pure_mysore_silk_saree_red_with_gold_zari_aa313515,1055,001055.webp,True
Red Embroidered Scalloped Border Saree With Ready Blouse AA313,AA313,1,9665,8829,https://byrappasilk.in/storage/products/featured/featured_6a69ab125f8c4.webp,https://byrappasilks.in/shop/red_embroidered_scalloped_border_saree_with_ready_blouse_aa313,1056,001056.webp,True
Pure kanchipura Saree Black With Gold Zari border AA301405,AA301405,1,29995,27401,https://byrappasilk.in/storage/products/featured/featured_6a69e8c5906bb.webp,https://byrappasilks.in/shop/pure_kanchipura_saree_black_with_gold_zari_border_aa301405,1057,001057.webp,True
Pure kanchipuram Saree Black With Gold & Silver Zari Border,AA301405,1,27995,25574,https://byrappasilk.in/storage/products/featured/featured_6a69e9b95f286.webp,https://byrappasilks.in/shop/pure_kanchipuram_saree_black_with_gold_silver_zari_border,1058,001058.webp,True
Pure kanchipuram Saree Black With Silver Zari Peacock Motifs AA301405,AA301405,1,24995,22833,https://byrappasilk.in/storage/products/featured/featured_6a69ea9213211.webp,https://byrappasilks.in/shop/pure_kanchipuram_saree_black_with_silver_zari_peacock_motifs_aa301405,1059,001059.webp,True
Pure Handloom Kanchipuram Saree AA300220,AA300220,1,29995,27401,https://byrappasilk.in/storage/products/featured/featured_6a69f8df01fae.webp,https://byrappasilks.in/shop/pure_handloom_kanchipuram_saree_aa300220,1060,001060.webp,True
Pure Handloom Kanchipuram Saree AA300220,AA300220,1,29995,27401,https://byrappasilk.in/storage/products/featured/featured_6a69fb1a64f32.webp,https://byrappasilks.in/shop/pure_handloom_kanchipuram_saree_aa300220_1,1061,001061.webp,True
Pure Handloom Kanchipuram Saree AA300220,AA300220,1,29995,27401,https://byrappasilk.in/storage/products/featured/featured_6a69fc003bddd.webp,https://byrappasilks.in/shop/pure_handloom_kanchipuram_saree_aa300220_2,1062,001062.webp,True
Pure Handloom Kanchipuram Saree AA300220,AA300220,0,29995,27401,https://byrappasilk.in/storage/products/featured/featured_6a69fc7a1048c.webp,https://byrappasilks.in/shop/pure_handloom_kanchipuram_saree_aa300220_3,1063,001063.webp,True
Fancy Saree With Ready Blouse AA313011,AA313011,0,10900,5723,https://byrappasilk.in/storage/products/featured/featured_6a6a16f864e83.webp,https://byrappasilks.in/shop/fancy_saree_with_ready_blouse_aa313011_1,1064,001064.webp,True
Fancy Saree With Ready Blouse AA313011,AA313011,0,10900,5723,https://byrappasilk.in/storage/products/featured/featured_6a6a174ae395e.webp,https://byrappasilks.in/shop/fancy_saree_with_ready_blouse_aa313011,1065,001065.webp,True
Peach Colour Designer Border Saree With Ready Blouse  AA313275,AA313275,1,5995,5477,https://byrappasilk.in/storage/products/featured/featured_6a6b0f3eb9ac0.webp,https://byrappasilks.in/shop/peach_colour_designer_border_saree_with_ready_blouse_aa313275,1066,001066.webp,True
Peach Colour Designer Border Saree With Ready Blouse AA313011,AA313011,1,7995,7304,https://byrappasilk.in/storage/products/featured/featured_6a6b13f3e0efb.webp,https://byrappasilks.in/shop/peach_colour_designer_border_saree_with_ready_blouse_aa313011,1067,001067.webp,True
Baby Pink Colour Designer Border Saree With Ready Blouse AA313011,AA313011,1,7995,7304,https://byrappasilk.in/storage/products/featured/featured_6a6b15a2e9809.webp,https://byrappasilks.in/shop/baby_pink_colour_designer_border_saree_with_ready_blouse_aa313011,1068,001068.webp,True
Pastel Green Colour Designer Border Saree With Ready Blouse AA313011,AA313011,1,7995,7304,https://byrappasilk.in/storage/products/featured/featured_6a6b17cf1b2b8.webp,https://byrappasilks.in/shop/pastel_green_colour_designer_border_saree_with_ready_blouse_aa313011,1069,001069.webp,True
Pure Kancipuram Saree With Gandaberunda Motife AA314608,AA314608,1,27995,25574,https://byrappasilk.in/storage/products/featured/featured_6a6b3e98f145b.webp,https://byrappasilks.in/shop/pure_kancipuram_saree_with_gandaberunda_motife_aa314608,1070,001070.webp,True
Pure Kancipuram Saree Pink With Baby Pink Border AA314608,AA314608,1,24995,22833,https://byrappasilk.in/storage/products/featured/featured_6a6b3ff047589.webp,https://byrappasilks.in/shop/pure_kancipuram_saree_pink_with_baby_pink_border_aa314608,1071,001071.webp,True
Pure Kancipuram Saree Olive Green With Orange Border AA314608,AA314608,1,28995,28995,https://byrappasilk.in/storage/products/featured/featured_6a6b40fde4da5.webp,https://byrappasilks.in/shop/pure_kancipuram_saree_olive_green_with_orange_border_aa314608,1072,001072.webp,True
Pure Kancipuram Saree With Gandaberunda Motife AA314608,AA314608,1,27995,25574,https://byrappasilk.in/storage/products/featured/featured_6a6b4af2d6ff6.webp,https://byrappasilks.in/shop/pure_kancipuram_saree_with_gandaberunda_motife_aa314608_1,1073,001073.webp,True
Pure Kancipuram Saree With Gandaberunda Motife AA314608,AA314608,1,27995,25574,https://byrappasilk.in/storage/products/featured/featured_6a6b4ba78a062.webp,https://byrappasilks.in/shop/pure_kancipuram_saree_with_gandaberunda_motife_aa314608_2,1074,001074.webp,True
